employee_id,gender,department,job_level,employment_type,attendance_rate,overtime_hours,leave_days,performance_score,basic_salary,allowances,bonus,tax,deductions,previous_salary,actual_salary_paid,expected_salary,salary_deviation,salary_deviation_ratio,bonus_ratio,deduction_ratio,salary_change,anomaly_label
1,Male,IT,3,Full-time,0.84,23.77,1,4.33,163716,31073.1,14571.49,16371.6,7871.3,157074,197751.39252405913,185117.69,12633.702524059132,0.068246867838828,0.08900467883407852,0.04807899044687141,40677.392524059134,1
2,Male,Operations,4,Full-time,0.76,24.25,0,4.58,212280,27989.3,20263.45,21228.0,11253.56,209444,234190.66783322327,228051.19,6139.477833223267,0.02692149000942844,0.09545623704541173,0.05301281326549839,24746.66783322327,0
3,Male,Operations,5,Full-time,0.83,13.12,4,3.58,282575,40601.61,57352.33,28257.5,12746.65,290431,332260.59739583026,339524.79,-7264.192604169715,-0.021395175899143377,0.2029632133062019,0.04510890913916659,41829.597395830264,0
4,Female,HR,4,Contract,0.86,19.63,2,3.0,306092,54219.66,60637.94,30609.2,8681.1,296304,370360.87038931774,381659.30000000005,-11298.429610682302,-0.02960344372764479,0.1981036420422618,0.028361080982188362,74056.87038931774,0
5,Male,Sales,3,Part-time,0.9,4.26,1,2.66,171165,41478.9,49878.85,17116.5,28329.78,172194,212271.36048064957,217076.47,-4805.10951935043,-0.02213556135011054,0.2914079981304589,0.16551152396810095,40077.36048064957,0
6,Male,IT,4,Full-time,0.92,11.0,2,2.81,311080,54213.94,18228.4,31108.0,57138.45,312350,292942.3400016538,295275.89,-2333.5499983461923,-0.007902947979756126,0.0585971454288286,0.18367767133856241,-19407.65999834618,0
7,Female,IT,4,Contract,0.81,16.56,0,3.28,249612,44433.48,46596.96,24961.2,13297.78,242194,308291.19263996324,302383.45999999996,5907.732639963273,0.019537221513251,0.1866775635786741,0.05327380093905742,66097.19263996324,0
8,Female,Operations,3,Contract,0.77,4.9,1,2.61,219261,32625.94,32268.49,21926.1,15094.55,211540,248505.7262495198,247134.78000000003,1370.9462495197658,0.005547362655793594,0.1471693096355485,0.06884284026799112,36965.726249519794,0
9,Male,HR,3,Full-time,0.96,8.92,1,3.2,235176,42661.96,20044.3,23517.6,38661.87,228485,230287.41399755236,235702.79000000004,-5415.37600244768,-0.022975442940016445,0.08523106099261829,0.16439547402796204,1802.4139975523576,0
10,Female,Finance,4,Contract,0.75,20.39,2,4.27,221316,46332.74,53739.42,22131.6,7376.03,223446,296773.94031072693,291880.52999999997,4893.410310726962,0.016765113831768645,0.24281760017350756,0.03332804677474742,73327.94031072693,0
11,Female,HR,3,Contract,0.84,2.9,5,4.66,213702,41350.21,28363.49,21370.2,6718.9,206041,246475.92020795177,255326.6,-8850.679792048235,-0.03466415090338506,0.13272449485732468,0.03144051061758898,40434.92020795177,0
12,Male,Operations,2,Full-time,0.93,15.94,3,4.72,124866,21331.14,9976.61,12486.6,18528.12,123711,115589.37700735463,125159.03,-9569.652992645366,-0.07645994853623718,0.07989853122547372,0.14838402767767045,-8121.622992645367,0
13,Male,Finance,1,Full-time,0.94,14.03,0,4.43,76379,13295.24,13800.4,7637.9,7405.51,76715,89127.60654590538,88431.23000000001,696.3765459053684,0.00787478072967399,0.18068317207609422,0.09695740975922701,12412.606545905379,0
14,Female,Finance,1,Full-time,0.83,12.71,4,4.77,78716,10815.09,12011.73,7871.6,30989.87894770942,79027,78999.53119627305,62681.34105229056,16318.190143982487,0.26033568953748754,0.15259578738757051,0.3936922474174173,-27.46880372695159,0
15,Male,Sales,4,Contract,0.81,1.92,3,3.22,218724,27161.84,61773.0,21872.4,36190.44,217403,256919.21694161653,249595.99999999994,7323.216941616585,0.029340281661631544,0.28242442530312173,0.16546167773083886,39516.21694161653,0
16,Male,HR,5,Contract,0.95,4.66,2,4.73,372390,67365.85,93790.16,37239.0,67512.98,381545,431424.0388772775,428794.03,2630.0088772774907,0.006133501619128164,0.25186003920620853,0.18129643653159322,49879.03887727752,0
17,Female,Operations,4,Part-time,0.83,2.75,1,3.07,218128,35787.43,55514.38,21812.8,38157.46,224824,249500.45765313972,249459.55000000002,40.907653139700415,0.0001639851155816661,0.2545036859091909,0.17493150810533264,24676.457653139718,0
18,Female,IT,1,Full-time,0.85,5.55,1,2.8,70560,10629.32,20160.93,7056.0,5516.14,65802,86901.41293299882,88778.11,-1876.6970670011797,-0.021139186979776656,0.28572746598639454,0.0781765873015873,21099.41293299882,0
19,Female,Operations,1,Part-time,0.88,17.58,3,3.41,69526,17087.22,20205.08,6952.6,4541.49,74863,79974.04027760767,95324.20999999999,-15350.169722392326,-0.16103117688981977,0.2906118574346288,0.06532074331904611,5111.040277607666,0
20,Female,Operations,1,Contract,0.82,0.92,5,4.02,53753,9428.38,3379.43,5375.3,3771.12,61348,57202.278996406254,57414.38999999999,-212.11100359373813,-0.0036943874801027786,0.06286960727773333,0.07015645638382974,-4145.721003593746,0
21,Female,Finance,1,Part-time,0.98,5.99,3,2.86,55182,9569.55,16356.64,5518.2,3507.92,60049,81224.65251612017,72082.07,9142.582516120165,0.12683573759910285,0.29641259831104344,0.06357000471168135,21175.65251612017,0
22,Male,Finance,5,Full-time,0.81,18.21,4,3.42,399520,77844.82,83252.95,39952.0,46519.89,393006,480161.3442614942,474145.88,6015.4642614941695,0.01268694829003717,0.20838243392070485,0.11643945234281138,87155.34426149417,0
23,Female,Operations,5,Full-time,0.77,20.88,1,3.3,311260,39834.36,18735.92,31126.0,39331.04,306553,286967.93255147093,299373.24,-12405.307448529056,-0.041437596254525144,0.06019379297050697,0.12636072736618903,-19585.067448529066,0
24,Male,Operations,3,Part-time,0.91,4.36,0,4.23,160995,25438.87,45751.96,16099.5,7205.13,162889,209429.7037984482,208881.19999999998,548.5037984482187,0.0026259127123370546,0.2841824901394453,0.044753750116463244,46540.7037984482,0
25,Female,HR,1,Full-time,0.84,2.84,4,4.81,52580,12177.58,6019.64,5258.0,7297.95,45386,60040.94947683304,58221.270000000004,1819.6794768330365,0.03125454798277393,0.11448535564853557,0.1387970711297071,14654.94947683304,0
26,Female,IT,5,Full-time,0.88,6.05,1,2.73,358090,84001.6,98512.18,35809.0,47969.11,363664,467282.8120342595,456825.67000000004,10457.14203425945,0.022890880966166916,0.2751045267949398,0.13395825071909298,103618.81203425949,0
27,Male,Finance,5,Contract,0.83,8.73,3,4.31,284700,66781.09,77373.38,28470.0,45659.5,292371,349284.77222737204,354724.97,-5440.197772627929,-0.015336382360192826,0.2717716192483316,0.1603775904460836,56913.77222737204,0
28,Male,Finance,4,Contract,0.79,22.46,5,4.02,248944,25237.83,18762.38,24894.4,34710.34,253299,235197.49957728802,233339.47,1858.02957728802,0.007962774481694074,0.07536787389935086,0.13943031364483577,-18101.50042271198,0
29,Female,IT,2,Full-time,0.75,4.02,0,3.87,122156,24893.47,26018.04,12215.6,7374.37,112845,145680.08663818144,153477.54,-7797.453361818567,-0.05080517554437324,0.21299027473067225,0.06036846327646616,32835.08663818144,0
30,Male,Operations,2,Full-time,0.83,18.66,0,4.12,146388,33286.22,31386.06,14638.8,17902.6,138317,184815.55682993963,178518.88,6296.676829939621,0.03527176974188736,0.21440322977293222,0.12229554335054785,46498.556829939625,0
31,Male,IT,1,Part-time,0.77,9.19,0,3.16,66847,9131.2,19603.06,6684.7,6066.87,64645,85043.21639464016,82829.69,2213.5263946401537,0.026723828069864244,0.2932526515774829,0.09075755082501832,20398.216394640156,0
32,Female,Sales,2,Contract,0.95,12.57,1,3.94,147404,25630.26,14565.1,14740.4,22116.7,156115,157359.7259922882,150742.26,6617.465992288198,0.04389920910226633,0.09881075140430381,0.1500413828661366,1244.7259922882076,0
33,Female,HR,4,Part-time,0.82,0.61,1,4.11,212360,26877.68,60546.95,21236.0,40710.93,205536,236049.9977173932,237837.7,-1787.7022826067987,-0.007516479862556687,0.2851146637784893,0.19170714823883972,30513.997717393213,0
34,Female,Finance,4,Part-time,0.75,23.21,3,3.57,313224,76739.32,91118.43,31322.4,103383.37888338372,304999,401113.9239527367,346375.9711166163,54737.95283612044,0.1580304564998001,0.29090500727913565,0.33006212449679373,96114.92395273672,0
35,Male,IT,4,Contract,0.82,9.63,2,4.63,304932,44989.15,28167.54,30493.2,36660.21,298512,312320.7274068094,310935.27999999997,1385.4474068094278,0.004455742065710356,0.0923731848412105,0.12022421392310416,13808.727406809398,0
36,Male,HR,2,Contract,0.89,2.43,3,4.04,109186,27133.6,189.24550735376457,10918.6,12370.7,113010,125395.9390378307,113219.54550735377,12176.393530476926,0.10754674447696004,0.0017332396768245432,0.11329932408916894,12385.9390378307,0
37,Male,Finance,4,Full-time,0.97,18.52,0,4.24,258080,53002.56,36098.37,25808.0,18800.23,266113,306692.9821376693,302572.7,4120.282137669274,0.013617494696875407,0.13987279138251707,0.07284652045877248,40579.982137669285,0
38,Male,IT,5,Full-time,0.97,22.83,0,3.78,373460,65440.44,93205.83,37346.0,51161.6,371205,447708.9576072977,443598.67000000004,4110.2876072976505,0.009265779825935119,0.24957379639051036,0.13699352005569537,76503.95760729769,0
39,Male,Sales,4,Part-time,0.93,19.89,1,4.73,313328,47218.3,45086.56,31332.8,11567.05,316469,358850.1016173672,362733.01,-3882.908382632828,-0.010704590637154385,0.1438957258846959,0.03691674539141092,42381.10161736718,0
40,Male,HR,4,Full-time,0.87,13.57,3,3.22,234760,44281.6,13528.06,23476.0,6273.41,239669,263475.2431150906,262820.25,654.9931150905904,0.002492171417881957,0.05762506389504174,0.02672265292213324,23806.24311509059,0
41,Female,Sales,5,Contract,0.96,9.0,5,2.82,329735,58803.78,79960.21,32973.5,19404.17,324807,410278.38694626297,416121.32000000007,-5842.933053737099,-0.014041417185106252,0.24249840023048813,0.058847771695452404,85471.38694626297,0
42,Male,Finance,2,Full-time,0.76,13.28,4,3.85,148216,28993.2,34315.39,14821.6,28998.96,155982,169435.69871665584,167704.03000000003,1731.6687166558113,0.010325743016764779,0.23152284503697307,0.19565337075619366,13453.69871665584,0
43,Male,Finance,1,Full-time,0.88,8.07,4,4.49,65623,9228.22,10482.81,6562.3,2239.2,72100,80572.42823184366,76532.53,4039.898231843661,0.052786680798918593,0.15974292549868185,0.034122182771284454,8472.42823184366,0
44,Male,IT,5,Full-time,0.85,4.33,1,2.89,261225,35927.96,48929.18,26122.5,38825.16,270723,288060.521553361,281134.48,6926.041553360992,0.024636044477223114,0.18730665135419658,0.14862727533735287,17337.521553360973,0
45,Male,HR,4,Full-time,0.92,7.0,4,4.89,232268,48935.28,43803.08,23226.8,30220.33,241238,259404.27027236792,271559.23000000004,-12154.959727632115,-0.044759884345054714,0.18858852704634302,0.13010974391651026,18166.270272367925,0
46,Male,Operations,1,Part-time,0.84,18.95,5,2.54,69125,8116.03,4251.23,6912.5,1889.27,77646,68816.61741706998,72690.48999999999,-3873.8725829300092,-0.053292701465212436,0.06150061482820976,0.02733121157323689,-8829.382582930019,0
47,Female,Finance,2,Contract,0.96,17.59,5,3.69,120590,13828.67,20850.49,12059.0,12689.07,118411,128500.54478885472,130521.09,-2020.545211145276,-0.015480603258410393,0.17290397213699313,0.10522489426983996,10089.54478885472,0
48,Female,Sales,2,Contract,0.85,15.4,5,4.09,119660,12779.16,17189.54,11966.0,15873.47,124642,111806.96454428122,121789.23000000001,-9982.265455718793,-0.08196344993493096,0.14365318402139396,0.13265477185358515,-12835.035455718782,0
49,Female,IT,1,Part-time,0.88,21.41,4,4.15,68448,8517.68,4629.97,6844.8,9283.98,61724,66025.28667992014,65466.869999999995,558.4166799201485,0.008529759860524086,0.06764215170640486,0.13563551893408135,4301.286679920144,0
50,Male,Operations,2,Contract,0.99,14.39,2,3.47,108680,21354.88,17884.73,10868.0,12847.17,110116,121121.93122510593,124204.44000000002,-3082.508774894086,-0.024818024016646147,0.1645632131026868,0.11821098638203902,11005.931225105931,0
51,Male,HR,3,Part-time,0.99,9.65,1,4.9,193074,45527.35,19104.24,19307.4,6272.02,200874,234374.10494188027,232126.17,2247.9349418802594,0.009684108180823641,0.09894776096211816,0.03248505754270384,33500.10494188027,0
52,Female,Operations,5,Full-time,0.77,7.97,5,4.61,383870,39727.01,97356.0,38387.0,27152.61,392043,450431.8038414353,455413.4,-4981.596158564731,-0.010938624464200505,0.25361710995910075,0.07073386823664261,58388.80384143529,0
53,Female,IT,2,Part-time,0.78,17.42,0,4.07,158308,36667.43,37007.31,15830.8,26061.7,151815,183458.2799126234,190090.24,-6631.9600873765885,-0.034888482898314976,0.2337677817924552,0.16462655077443972,31643.279912623402,0
54,Male,Finance,3,Contract,0.94,20.17,1,4.98,220542,35704.13,31538.5,22054.2,35232.54,221777,226016.44167842422,230497.88999999998,-4481.448321575765,-0.01944247004419765,0.14300450707801687,0.1597543325080937,4239.44167842422,0
55,Male,Finance,5,Part-time,0.84,23.27,2,4.65,398330,65465.18,94690.12,39833.0,62066.87,389994,467029.2604572347,456585.43000000005,10443.830457234639,0.022873770757938196,0.23771777169683428,0.15581771395576532,77035.26045723469,0
56,Male,Sales,3,Full-time,0.83,22.39,0,3.47,182787,18575.85,50512.36,18278.7,6659.22,177073,227105.32073306208,226937.29,168.0307330620708,0.0007404280409890802,0.2763454731463397,0.03643158430304125,50032.32073306208,0
57,Female,HR,4,Contract,0.83,23.75,5,4.88,256056,47630.43,53249.23,25605.6,25790.01,264435,297491.91094800236,305540.05,-8048.139051997627,-0.026340700841011276,0.2079593135876527,0.10072019402005811,33056.91094800236,0
58,Male,IT,1,Contract,0.92,18.81,1,4.48,67877,14827.24,4941.55,6787.7,190.26319432906897,59057,63746.28109769815,80667.82680567093,-16921.545707972786,-0.20976821092176992,0.07280153807622612,0.0028030583898679814,4689.281097698149,0
59,Female,Operations,5,Full-time,0.76,13.74,3,3.6,270880,63157.2,37307.96,27088.0,11125.6,262250,336435.01163420506,333131.56000000006,3303.4516342050047,0.009916357472120036,0.13772873597164795,0.04107206142941524,74185.01163420506,0
60,Female,Finance,1,Part-time,0.9,2.53,1,2.71,72349,14842.06,4933.53,7234.9,12149.92,70525,68229.9735775682,72739.77,-4509.796422431798,-0.06199904704719025,0.06819071445355153,0.1679348712490843,-2295.0264224317943,0
61,Male,Finance,5,Part-time,0.93,2.03,4,2.71,372790,92450.41,53520.6,37279.0,32326.7,367854,443407.7562299805,449155.31,-5747.553770019498,-0.012796361619368361,0.14356769226642346,0.0867155771345798,75553.7562299805,0
62,Male,HR,2,Part-time,0.94,13.96,0,3.56,111754,26368.71,8694.39,11175.4,12144.59,112639,121789.53278630521,123497.10999999999,-1707.577213694778,-0.013826859702990444,0.07779936288633964,0.10867253073715483,9150.532786305208,0
63,Female,HR,3,Full-time,0.75,11.72,5,2.64,160626,18925.39,12750.74,16062.6,21982.93,163161,158411.3721139294,154256.6,4154.772113929386,0.026934161092163227,0.07938154470633646,0.1368578561378606,-4749.627886070608,1
64,Male,Sales,2,Full-time,0.99,9.37,3,3.21,122914,28305.85,13016.46,12291.4,23769.12,122914,140437.70130402062,128175.79000000001,12261.911304020614,0.09566479991284324,0.10589892119693443,0.19338008689002065,17523.701304020622,0
65,Male,HR,1,Contract,0.75,24.25,1,2.61,63056,14734.39,11471.48,6305.6,12531.35,63812,71206.32878839063,70424.91999999998,781.4087883906468,0.011095629052764944,0.18192527277340775,0.19873366531337225,7394.3287883906305,0
66,Female,IT,3,Part-time,0.99,13.08,5,4.07,200076,40887.99,32739.49,20007.6,26602.2,203172,220909.60172915625,227093.67999999996,-6184.078270843718,-0.027231397504517602,0.1636352685979328,0.1329604750194926,17737.601729156246,0
67,Female,IT,1,Part-time,0.9,22.53,1,2.61,69024,9811.38,19851.5,6902.4,12441.4,67722,96861.50346574139,79343.08000000002,17518.423465741376,0.22079333781523697,0.287602862772369,0.1802474501622624,29139.503465741393,0
68,Male,IT,5,Part-time,0.82,4.7,2,3.66,369360,56513.13,72362.81,36936.0,12555.37,369638,442278.1837171588,448744.57,-6466.386282841209,-0.01440994881083733,0.19591404050249078,0.03399222980290232,72640.1837171588,0
69,Female,Operations,5,Full-time,0.99,24.66,3,4.25,397370,71691.29,50617.75,39737.0,66155.39,406263,406599.3326292131,413786.64999999997,-7187.3173707868555,-0.0173696212064523,0.12738191106525404,0.1664831013916501,336.3326292131096,0
70,Male,Finance,1,Contract,0.98,20.56,3,4.87,50055,10454.38,10178.87,5005.5,4769.43,57091,64848.67337205204,60913.32,3935.3533720520427,0.06460579347919376,0.20335371091799023,0.09528378783338329,7757.673372052042,0
71,Male,Finance,4,Full-time,0.98,21.65,5,2.61,243276,25289.77,35059.93,24327.6,40359.39,243562,225233.633767273,238938.71000000002,-13705.076232727035,-0.05735812431868839,0.14411586017527417,0.16589959552113648,-18328.366232727014,0
72,Male,Finance,5,Part-time,0.99,21.05,5,4.6,316910,53971.03,48710.61,31691.0,21934.38,317598,376797.2389933233,365966.26,10830.978993323282,0.029595567070372232,0.1537048688902212,0.06921327821779054,59199.23899332329,0
73,Female,Finance,5,Full-time,0.76,21.62,1,4.53,318885,79707.75,95397.38,31888.5,38259.09,321308,420242.01622816606,423842.54000000004,-3600.5237718339777,-0.008494956102881927,0.29915919532119734,0.1199777035608448,98934.01622816606,0
74,Male,Operations,5,Part-time,0.86,3.23,3,4.89,339770,64870.99,36409.99,33977.0,47875.67,329783,364181.10945878,359198.31,4982.799458779977,0.013872001398837252,0.10716069694204902,0.1409061129587662,34398.109458779974,0
75,Female,Finance,2,Part-time,0.9,8.95,4,2.78,139758,28054.46,25167.19,13975.8,22223.94,140317,166214.28747251062,156779.91,9434.37747251062,0.060175933718233536,0.1800769186737074,0.15901730133516506,25897.287472510623,0
76,Female,Sales,4,Contract,0.89,14.02,1,4.69,267000,42859.49,22295.52,26700.0,6723.3,272505,299271.8578512809,298731.71,540.147851280868,0.0018081369777613098,0.0835038202247191,0.025180898876404494,26766.85785128089,0
77,Male,IT,3,Contract,0.94,15.51,5,4.26,212220,28001.29,17846.19,21222.0,4800.0,213203,240512.8758947967,232045.48,8467.395894796704,0.03649024275239795,0.08409287531806615,0.02261803788521346,27309.875894796714,0
78,Male,HR,3,Full-time,0.85,10.94,1,4.76,164484,25040.77,29359.96,16448.4,26491.39,155284,161875.0241086151,175944.94,-14069.91589138491,-0.0799677211028911,0.17849736144549014,0.16105754967048466,6591.024108615093,0
79,Male,HR,4,Contract,0.85,15.55,0,4.66,259692,62956.64,22533.05,25969.2,48506.77,263272,257078.66048515873,270705.72,-13627.05951484124,-0.05033901579486847,0.08676836406204272,0.18678576929593518,-6193.339514841267,0
80,Male,Sales,4,Part-time,0.86,24.5,1,3.73,219340,32750.26,45699.54,21934.0,13868.04,209521,261543.37840882703,261987.75999999998,-444.3815911729471,-0.001696192185363725,0.208350232515729,0.06322622412692623,52022.37840882703,1
81,Male,Sales,2,Full-time,0.77,3.22,5,2.82,133944,16446.37,11345.97,13394.4,18130.32,139166,126100.68466130644,130211.62,-4110.9353386935545,-0.031571186493905494,0.08470681777459237,0.1353574628202831,-13065.31533869356,0
82,Male,Operations,2,Full-time,0.97,11.85,3,4.17,108738,13684.46,10664.18,10873.8,2974.67,113963,110764.46182488836,119238.16999999998,-8473.70817511162,-0.07106539940282228,0.09807224705254833,0.02735630598318895,-3198.5381751116365,0
83,Female,Sales,5,Contract,0.79,6.96,4,2.94,319915,36248.09,25644.06,31991.5,32932.11,327867,312454.34555722255,316883.54,-4429.194442777429,-0.013977357242277175,0.08015897972899051,0.10294018723723489,-15412.65444277745,0
84,Female,HR,4,Part-time,0.88,17.26,2,2.6,298536,65651.52,61789.52,29853.6,10364.16,296637,376176.2568592893,385759.2800000001,-9583.023140710779,-0.024841976946635674,0.20697510517994477,0.03471661709140606,79539.25685928931,0
85,Female,Operations,4,Contract,0.97,23.02,1,2.65,235992,33400.34,59363.86,23599.2,36504.83,240405,264408.1608191157,268652.1699999999,-4244.009180884226,-0.015797412620505644,0.2515503067900607,0.15468672666870065,24003.1608191157,0
86,Male,Finance,2,Part-time,0.84,12.11,2,4.05,120952,18788.33,20033.72,12095.2,18692.5,128651,124379.80407484257,128986.35,-4606.545925157436,-0.03571343731454867,0.16563363979099147,0.15454477809378928,-4271.19592515743,0
87,Male,HR,2,Full-time,0.76,6.31,3,4.28,145478,34082.74,25883.35,14547.8,16843.51,140485,173029.43926815386,174052.78,-1023.3407318461395,-0.005879485130005619,0.17791934175614182,0.11578046165055883,32544.43926815386,0
88,Male,IT,4,Part-time,0.88,6.06,2,3.17,271120,42455.39,14916.43,27112.0,21140.38,276387,272595.1164751966,280239.44,-7644.323524803389,-0.027277829005094317,0.055017814989672474,0.07797425494246091,-3791.8835248033865,0
89,Female,IT,2,Part-time,0.8,8.19,3,2.8,159298,37208.68,31604.42,15929.8,22658.3,168437,189459.21886946706,189523.0,-63.78113053293782,-0.0003365350407757255,0.19839809664904767,0.14223844618262627,21022.218869467062,0
90,Male,Operations,4,Part-time,0.77,13.43,0,3.97,246104,52128.75,38863.49,24610.4,10573.72,245888,313751.6731111202,301912.12,11839.553111120185,0.0392152296208585,0.15791490589344342,0.04296443779865423,67863.67311112018,0
91,Female,Sales,5,Contract,0.82,9.08,5,4.11,339475,63012.24,47195.23,33947.5,67071.01,349242,337475.4194094468,348663.95999999996,-11188.540590553137,-0.03208975367156714,0.13902416967376097,0.19757275204359673,-11766.580590553174,0
92,Male,Sales,2,Part-time,0.78,3.82,3,3.11,131826,16359.9,12739.9,13182.6,9401.45,122777,142845.50389352452,138341.74999999997,4503.753893524554,0.03255527628878885,0.09664178538376345,0.07131711498490435,20068.503893524525,0
93,Female,Finance,4,Contract,0.79,22.42,1,2.7,310164,55419.08,47330.78,31016.4,61049.01,315479,318936.86562506866,320848.44999999995,-1911.5843749312917,-0.005957904346838179,0.15259920558156329,0.19682816187565289,3457.8656250686618,0
94,Male,Operations,5,Full-time,0.99,21.64,3,4.54,346975,48120.38,32172.18,34697.5,48699.95,355468,336609.6007036672,343870.11,-7260.509296332777,-0.02111410409102663,0.09272189639022985,0.14035578932199724,-18858.39929633279,0
95,Male,IT,4,Full-time,0.98,13.92,3,3.93,223816,31781.17,54247.01,22381.6,12011.73,215463,269344.7767476599,275450.85000000003,-6106.073252340138,-0.02216756002873158,0.24237324409336242,0.05366787897201272,53881.7767476599,1
96,Female,Sales,3,Full-time,0.88,6.06,3,2.79,182130,34894.83,22248.57,18213.0,22697.57,183189,183923.77319468386,198362.83000000002,-14439.056805316155,-0.07279114139133906,0.12215763465656398,0.1246229067149838,734.7731946838612,0
97,Female,Finance,4,Part-time,0.79,12.03,0,3.83,261644,28198.3,35099.82,26164.4,11563.26,252279,295264.8024737155,287214.45999999996,8050.342473715544,0.02802902915722121,0.13415106021922918,0.04419463087248322,42985.80247371551,0
98,Male,Finance,2,Contract,0.81,17.04,0,4.4,151198,28628.71,25385.24,15119.8,14232.47,142517,171244.5450438148,175859.68,-4615.134956185182,-0.02624328075761984,0.16789401976216617,0.09413133771610735,28727.54504381481,0
99,Male,HR,2,Full-time,0.84,23.24,4,4.58,109986,26919.52,8917.04,10998.6,16669.05,107802,118847.62829978319,118154.90999999999,692.7182997831987,0.005862797405399393,0.0810743185496336,0.15155610714090884,11045.628299783188,0
100,Male,Sales,1,Contract,0.89,21.05,1,2.85,65238,14306.05,6550.34,6523.8,3226.55,63634,75098.62211686336,76344.04,-1245.4178831366298,-0.01631322999328605,0.10040681811214323,0.04945813789509182,11464.622116863364,0
101,Female,HR,5,Contract,0.79,20.36,5,4.16,367695,65618.78,51369.79,36769.5,65411.51,361448,392112.27137731155,382502.56,9609.711377311556,0.025123260292196622,0.13970761092753506,0.17789610954731502,30664.271377311554,0
102,Male,Finance,1,Contract,0.86,9.42,0,3.66,60222,8744.64,14266.73,6022.2,209.21489698402505,69089,67292.65701582759,77001.95510301598,-9709.298087188392,-0.12609157876834354,0.23690229484241637,0.0034740609243137897,-1796.3429841724137,0
103,Female,Sales,2,Full-time,0.81,22.49,4,3.46,145260,26369.47,40181.53,14526.0,19227.03,143217,166229.28003376126,178057.97,-11828.689966238744,-0.06643167933588563,0.2766179953187388,0.13236286658405616,23012.280033761257,0
104,Male,Finance,5,Full-time,0.78,19.85,4,4.05,378225,68087.75,103434.38,37822.5,61252.59,369570,459822.07234565547,450672.04000000004,9150.032345655432,0.020303084135539964,0.27347314429241854,0.1619474915724767,90252.07234565547,0
105,Female,Operations,4,Contract,0.79,7.79,2,3.12,209036,44230.33,12204.17,20903.6,25623.66,215615,222775.07860597112,218943.24,3831.838605971134,0.0175015159452794,0.05838310147534396,0.12258012973841827,7160.0786059711245,0
106,Female,IT,4,Part-time,0.84,20.53,0,2.78,256820,58289.88,21026.41,25682.0,23502.04,258688,289621.54684229556,286952.25,2669.29684229556,0.00930223353291553,0.08187216727669185,0.09151172027100693,30933.54684229556,0
107,Female,HR,4,Full-time,0.95,3.75,5,3.07,268384,55914.55,61730.77,26838.4,36340.96,267234,326157.43922578957,322849.95999999996,3307.4792257896042,0.010244632602059498,0.2300091287111005,0.13540658161440325,58923.43922578957,0
108,Female,Sales,4,Contract,0.81,8.64,4,2.95,235176,55564.47,46058.74,23517.6,21672.23,235737,306623.7465004645,291609.38,15014.3665004645,0.051487940821603545,0.19584796067625948,0.09215323842568969,70886.7465004645,0
109,Male,IT,3,Part-time,0.87,23.68,1,2.88,223773,42054.66,39489.71,22377.3,1506.0451517215774,229000,254710.91835683922,281434.0248482785,-26723.106491439277,-0.09495336075958032,0.1764721838648988,0.0067302362292214766,25710.918356839218,0
110,Female,Finance,1,Part-time,0.92,23.06,2,4.27,55958,6876.17,10859.89,5595.8,7230.26,61934,66674.13299118953,60867.99999999999,5806.132991189537,0.09538892342757341,0.194072161263805,0.12920869223346082,4740.13299118953,0
111,Male,Finance,3,Part-time,0.86,18.41,2,4.84,236538,56493.62,38487.06,23653.8,9552.08,246072,298758.59929830953,298312.8,445.79929830954643,0.0014944021788858757,0.16270983943383302,0.040382856031589004,52686.599298309535,0
112,Female,Operations,1,Contract,0.9,9.98,1,2.64,52805,7935.51,13238.92,5280.5,1100.13,50713,76352.33214776759,67598.8,8753.53214776759,0.1294924192111042,0.25071337941482813,0.020833822554682323,25639.332147767593,0
113,Female,Sales,5,Full-time,0.83,9.95,5,3.84,328000,78056.9,44800.37,32800.0,27044.12,334083,388326.872405679,391013.15,-2686.277594321,-0.006870044125935406,0.13658649390243904,0.08245158536585366,54243.87240567902,0
114,Female,IT,1,Part-time,0.81,11.31,1,2.85,63251,7998.6,11043.11,6325.1,6034.56,61223,83285.22220231514,69933.05,13352.172202315138,0.19092792609953574,0.17459186416025044,0.09540655483707768,22062.22220231514,0
115,Female,Operations,3,Part-time,0.98,9.06,4,3.95,202191,39394.82,10771.45,20219.1,28192.85,203455,201794.21047556135,203945.32,-2151.1095244386524,-0.010547481670276387,0.05327363730334189,0.1394367207244635,-1660.7895244386455,0
116,Female,Operations,3,Part-time,0.77,24.92,5,3.76,194604,36840.05,12993.54,19460.4,30162.24,193481,185962.74273006665,194814.95,-8852.207269933366,-0.04543905521590291,0.06676913115866066,0.15499290867608068,-7518.257269933354,0
117,Female,Finance,2,Full-time,0.8,22.45,5,3.01,112620,14483.29,6660.06,11262.0,11821.95,112959,104976.63373858269,110679.40000000001,-5702.766261417317,-0.05152509194499895,0.05913745338305808,0.10497202983484284,-7982.366261417308,0
118,Male,Operations,2,Full-time,0.94,11.33,1,3.81,148404,24652.04,22288.91,14840.4,17917.6,154270,163438.3918215352,162586.95,851.4418215351761,0.005236839866515585,0.15019076305220883,0.1207352901539042,9168.391821535188,0
119,Female,Operations,5,Contract,0.79,4.55,2,4.65,266470,64463.71,38192.43,26647.0,18315.56,262830,315278.9732362734,324163.58,-8884.606763726624,-0.027407788264575014,0.14332731639584192,0.06873404135549968,52448.97323627339,0
120,Female,HR,3,Full-time,0.76,3.9,2,4.29,151389,30101.98,8594.96,15138.9,9076.53,158891,179888.673547389,165870.51,14018.163547388976,0.0845126933497038,0.05677400603742676,0.05995501654677685,20997.673547388986,0
121,Male,Finance,1,Full-time,0.81,16.8,4,2.55,59572,6887.49,14891.75,5957.2,3105.97,53709,62511.047528864445,72288.07,-9777.022471135562,-0.13525084389631042,0.24997901698784664,0.052138085006378836,8802.047528864445,1
122,Female,IT,1,Contract,0.77,6.08,2,4.31,65381,14930.04,16839.2,6538.1,5981.91,71067,90334.2174413791,84630.23,5703.987441379111,0.06739893583391078,0.25755494715590155,0.0914930943240391,19267.217441379107,0
123,Female,Finance,2,Full-time,0.92,5.12,2,3.23,156472,36684.92,8332.21,15647.2,5537.78,162126,182913.2141779369,180304.14999999997,2609.0641779369325,0.014470350116383528,0.053250485709903365,0.035391507745794776,20787.214177936898,0
124,Male,IT,4,Part-time,0.86,22.32,0,4.54,275628,41694.96,31657.49,27562.8,24350.25,267384,287058.4913889176,297067.4,-10008.908611082414,-0.03369238297801244,0.1148558564441929,0.08834461665723366,19674.49138891761,0
125,Male,HR,5,Part-time,0.9,6.7,0,4.06,290660,46915.94,54647.51,29066.0,28630.82,284541,336214.76973762095,334526.63,1688.1397376209497,0.005046353821281582,0.18801180072937454,0.09850278676116425,51673.769737620954,0
126,Female,Operations,5,Contract,0.94,3.5,1,4.67,377085,65278.95,103184.81,37708.5,61832.12,384208,445234.4351050369,446008.14,-773.704894963128,-0.0017347326776662147,0.27363806568810745,0.16397395812615193,61026.435105036886,0
127,Female,Sales,4,Part-time,0.86,0.56,4,3.17,256204,46435.73,53385.11,25620.4,17017.01,256210,314754.35350502346,313387.42999999993,1366.9235050235293,0.004361768769805252,0.20836954145914974,0.06641976706062357,58544.353505023464,0
128,Male,Operations,1,Full-time,1.0,13.14,5,2.93,56914,8016.11,3107.37,5691.4,10504.83,55585,50369.38330917856,51841.24999999999,-1471.8666908214364,-0.028391805576089245,0.05459763854236216,0.1845737428400745,-5215.616690821444,0
129,Male,HR,2,Full-time,0.78,14.41,4,3.19,104918,19213.29,22332.33,10491.8,17768.23,100047,120251.82787451101,118203.59000000001,2048.2378745110036,0.017328051326622174,0.21285508682971466,0.1693534951104672,20204.827874511015,0
130,Male,Sales,4,Contract,0.9,16.63,4,2.94,261592,62039.63,40466.35,26159.2,23272.52,261135,322527.78787156404,314666.25999999995,7861.527871564089,0.024983701371618584,0.15469261292394262,0.0889649530566684,61392.78787156404,1
131,Male,HR,3,Contract,0.88,1.17,2,2.92,219105,46166.53,15490.65,21910.5,28169.76,223982,225789.77757606446,230681.92000000004,-4892.142423935584,-0.021207307551175156,0.07069966454439652,0.12856739919216814,1807.7775760644581,0
132,Male,HR,3,Contract,0.82,8.89,4,4.3,214995,31081.45,41193.29,21499.5,22722.62,211477,231794.3312252142,243047.62,-11253.28877478579,-0.046300756924860194,0.19160115351519802,0.10568906253633804,20317.331225214206,0
133,Female,IT,5,Full-time,0.92,23.42,5,4.33,274410,36288.27,15859.74,27441.0,1401.3935708049396,273114,276069.4873900978,297715.61642919504,-21646.129039097228,-0.07270740211320179,0.05779578003717065,0.005106933314401587,2955.4873900978127,0
134,Male,IT,1,Full-time,0.87,14.92,2,3.34,69498,14986.33,5326.99,6949.8,2329.91,78149,81507.6885171629,80531.61,976.0785171628959,0.012120439628152173,0.07664954387176609,0.033524849635960745,3358.6885171628965,0
135,Female,Sales,1,Part-time,0.93,12.39,5,4.22,59964,9907.5,6692.01,5996.4,10040.28,63153,65586.09191244417,60526.83,5059.26191244417,0.08358709538305854,0.1116004602761657,0.1674384630778467,2433.0919124441716,0
136,Female,Operations,5,Part-time,0.82,14.76,3,3.4,263175,29932.82,73512.25,26317.5,11744.8,272771,336338.2055970139,328557.77,7780.435597013857,0.02368057099064757,0.2793283936544125,0.04462733922295051,63567.205597013875,0
137,Male,Sales,3,Contract,0.99,11.15,2,2.96,152541,27653.42,40917.06,15254.1,23155.8,145533,187179.9035834483,182701.58,4478.323583448306,0.024511685030027142,0.2682364741282671,0.15180049953782918,41646.90358344829,0
138,Male,Operations,5,Full-time,0.92,21.23,5,3.12,384580,66691.46,40497.18,38458.0,76062.33,383411,385894.55580443697,377248.31,8646.24580443697,0.02291924330804019,0.10530235581673514,0.19778025378334807,2483.555804436968,0
139,Male,HR,4,Contract,0.99,0.99,5,4.26,257960,61597.56,24543.3,25796.0,31530.49,257074,278125.9176767339,286774.37,-8648.452323266072,-0.03015768920795144,0.0951438207474027,0.12223015196154444,21051.917676733923,0
140,Male,Operations,4,Contract,0.98,24.28,3,4.86,211956,36272.48,56276.58,21195.6,36460.44,217357,255274.24282666325,246849.02000000002,8425.22282666323,0.034131076666470986,0.2655106720262696,0.17201890958500823,37917.24282666325,1
141,Female,Sales,3,Part-time,0.83,20.72,5,2.59,160281,30363.71,17230.56,16028.1,6684.04,155550,186940.20017306966,185163.12999999998,1777.0701730696892,0.00959732195642669,0.10750219926254516,0.04170201084345618,31390.200173069665,0
142,Female,Sales,4,Part-time,0.83,18.12,5,2.66,252488,37189.85,46678.17,25248.8,40986.42,260513,266290.81102669216,270120.8,-3829.9889733078307,-0.014178800645147767,0.1848728256392383,0.16233017014670004,5777.811026692158,0
143,Male,Sales,1,Part-time,0.83,15.65,2,4.71,60593,11656.85,6558.58,6059.3,1477.99,54391,71929.41191420339,71271.14,658.2719142033893,0.009236163673029355,0.10823989569752282,0.024392091495717326,17538.41191420339,0
144,Female,Operations,1,Contract,0.98,19.97,4,4.99,65138,9940.5,15750.18,6513.8,6015.34,68679,86823.38300052281,78299.54,8523.843000522815,0.1088619805496024,0.24179710767908133,0.0923476311830268,18144.38300052281,0
145,Male,HR,5,Part-time,0.87,15.69,4,4.68,373935,92590.99,90517.83,37393.5,35597.87,380269,496689.0271658457,484052.44999999995,12636.577165845723,0.026105801480491887,0.24206835412571703,0.09519801569791542,116420.02716584568,0
146,Female,IT,2,Part-time,0.81,2.76,4,3.39,108586,15537.12,13473.03,10858.6,6737.7,108024,115816.96978277384,119999.84999999999,-4182.880217226149,-0.03485737871527464,0.12407704492291824,0.062049435470502644,7792.969782773842,0
147,Female,Sales,1,Full-time,0.76,0.45,5,4.97,69951,11483.57,10218.56,6995.1,9956.58,67792,82576.02918781267,74701.45,7874.5791878126765,0.1054140071954785,0.14608168575145458,0.14233649268773857,14784.029187812674,0
148,Male,Finance,5,Full-time,0.99,11.69,4,4.03,316845,39623.08,94353.96,31684.5,19549.62,309899,397876.00924619596,399587.92000000004,-1711.9107538040844,-0.004284190457519547,0.2977921696728685,0.06170089475926715,87977.00924619596,1
149,Male,IT,4,Full-time,0.99,16.24,5,4.02,309068,54675.14,33276.56,30906.8,2336.502955639592,304113,345125.7657886019,363776.3970443604,-18650.63125575852,-0.0512694924884975,0.10766743888076409,0.007559834585397363,41012.765788601886,0
150,Female,Finance,5,Contract,0.94,8.75,2,2.64,318070,78043.37,86179.94,31807.0,59477.63,323880,386564.86304671795,391008.68,-4443.816953282047,-0.011365008452707614,0.27094645832678343,0.18699540981544943,62684.86304671795,0
151,Female,HR,4,Contract,1.0,4.35,1,3.49,250276,53492.93,56063.11,25027.6,11938.48,246521,318448.1756457522,322865.96,-4417.784354247793,-0.01368302918724474,0.2240051383272867,0.04770125781137624,71927.17564575223,0
152,Male,IT,3,Part-time,0.81,13.42,2,3.98,227433,42532.91,16573.43,22743.3,40470.1,234070,280628.0464877278,223325.94000000003,57302.10648772775,0.25658509032908466,0.07287170287513246,0.17794295462839604,46558.046487727785,0
153,Female,IT,3,Contract,0.82,3.24,2,4.72,232326,56536.0,61689.97,23232.6,38499.41,241558,294088.3141813826,288819.95999999996,5268.3541813826305,0.01824096292161605,0.26553192496750255,0.16571287759441475,52530.31418138259,0
154,Female,HR,4,Contract,0.77,10.21,3,3.43,245236,34078.75,56613.96,24523.6,26793.9,246129,300692.84631013084,284611.21,16081.636310130823,0.056503875269462586,0.23085501313020926,0.10925761307475249,54563.846310130844,0
155,Female,Sales,3,Full-time,0.77,5.5,5,4.21,173475,19328.52,45589.53,17347.5,18930.7,182211,222330.30940698896,202114.84999999998,20215.459406988986,0.10001966410181631,0.262801729355815,0.10912638708747659,40119.30940698896,0
156,Female,HR,4,Full-time,0.96,8.7,2,4.2,297608,55015.75,34747.84,29760.8,53019.88,303106,414746.22324413963,304590.91,110155.31324413966,0.36165003494076586,0.1167570764226768,0.17815340985457379,111640.22324413963,0
157,Female,Sales,2,Part-time,0.95,16.46,0,4.63,108272,24912.75,24587.57,10827.2,18477.96,114731,137000.55751671325,128467.16,8533.397516713245,0.06642473856130426,0.22709075291857544,0.17066240579281808,22269.55751671325,0
158,Female,IT,4,Full-time,0.9,18.82,4,2.9,319332,74126.73,85568.48,31933.2,8067.77,324304,448380.60472356534,439026.23999999993,9354.364723565406,0.021307074318759188,0.2679608683126025,0.025264520937456944,124076.60472356534,0
159,Male,HR,4,Contract,0.96,3.22,1,3.34,209804,44379.05,18922.22,20980.4,35086.38,215188,217268.44858347857,217038.49000000002,229.95858347855392,0.0010595290424226316,0.09018998684486473,0.16723408514613639,2080.4485834785737,0
160,Female,Finance,5,Contract,0.75,7.18,3,4.04,356465,88110.28,74128.1,35646.5,23799.26,349096,469485.23490085837,459257.62,10227.614900858374,0.022269886128091623,0.20795337550671175,0.06676464730057649,120389.23490085837,0
161,Female,Operations,4,Part-time,0.91,13.5,5,4.45,294200,34141.06,70683.6,29420.0,34547.31,300189,334294.9857409044,335057.35000000003,-762.3642590956297,-0.0022753246842536945,0.2402569680489463,0.11742797416723316,34105.985740904405,0
162,Male,Operations,1,Full-time,0.91,23.3,5,2.76,72426,17424.56,16076.5,7242.6,2332.89,71842,98583.7422061627,96351.56999999999,2232.172206162708,0.02316695209183107,0.2219713914892442,0.03221067020130892,26741.7422061627,0
163,Male,IT,4,Full-time,0.83,17.7,5,2.67,292260,54747.77,39884.95,29226.0,38509.58,285553,314685.7652218273,319157.14,-4471.3747781727,-0.014009947507903785,0.13647077944296174,0.13176479846711833,29132.765221827314,0
164,Female,HR,3,Full-time,0.94,0.61,0,2.56,181887,27017.77,31313.81,18188.7,28860.62,173725,196186.95500051614,193169.25999999998,3017.6950005161634,0.01562202495633189,0.17216079214017496,0.15867335213621644,22461.955000516144,0
165,Female,Finance,3,Part-time,0.92,11.15,1,3.18,174003,43425.7,27239.36,17400.3,17617.75,181408,213170.12560042666,209650.01,3520.1156004266522,0.016790438504756817,0.156545346919306,0.10124969109727994,31762.12560042666,0
166,Female,Operations,2,Full-time,0.92,5.52,1,2.71,105174,21253.03,22468.09,10517.4,7276.64,115145,127084.6462051791,131101.08,-4016.433794820885,-0.030636161005087717,0.21362779774468976,0.06918668111890772,11939.646205179102,0
167,Female,Operations,2,Part-time,0.99,3.78,4,3.58,109378,26419.42,16946.13,10937.8,14758.88,106986,114842.66863260209,127046.87,-12204.201367397909,-0.09606062209480572,0.15493179615644828,0.1349346303644243,7856.668632602086,0
168,Female,Finance,4,Part-time,1.0,10.23,5,4.74,201228,27063.8,20782.06,20122.8,5152.27,206473,218263.52544095006,223798.79,-5535.264559049945,-0.024733219330854938,0.10327618422883496,0.025604140576858093,11790.525440950063,0
169,Female,Operations,2,Full-time,0.91,9.21,3,4.66,122646,20970.2,35818.56,12264.6,6548.63,131899,163363.33277102164,160621.53,2741.802771021641,0.017069958000161256,0.2920483342302235,0.05339456647587365,31464.33277102164,1
170,Female,Sales,3,Part-time,0.94,21.12,2,4.4,169581,32887.36,14043.21,16958.1,4384.47,172186,198823.02575323023,195168.99999999997,3654.025753230264,0.018722367554428545,0.08281122295540184,0.02585472429104676,26637.025753230235,0
171,Female,IT,2,Part-time,0.98,15.42,4,4.49,123524,21274.34,9798.79,12352.4,5253.9,132359,131579.69158352586,136990.83000000002,-5411.138416474161,-0.03950000460960898,0.07932701337391924,0.04253343479809591,-779.3084164741449,0
172,Female,Finance,1,Contract,0.8,12.29,3,2.66,58994,11049.32,6916.95,5899.4,9649.1,49259,75819.29346328654,61411.77000000001,14407.523463286525,0.23460524689789145,0.11724836424043122,0.16356070108824627,26560.293463286536,0
173,Male,Operations,4,Part-time,0.83,11.38,1,2.53,279568,30994.87,41410.56,27956.8,29742.96,281112,281602.4474121142,294273.67,-12671.2225878858,-0.04305931477962606,0.14812339037371944,0.10638900017169346,490.44741211418295,0
174,Male,HR,5,Part-time,0.92,21.5,5,4.45,373790,39600.37,63591.67,37379.0,14535.73,368271,431150.6272491544,425067.31,6083.317249154381,0.014311421052713701,0.1701267289119559,0.038887423419567135,62879.62724915438,0
175,Male,IT,3,Part-time,0.81,24.67,0,2.86,206973,36185.76,42334.04,20697.3,30309.89,208928,232717.89660936268,234485.61,-1767.7133906373056,-0.0075386860227256835,0.20453894952481724,0.14644369072294453,23789.89660936268,0
176,Male,IT,3,Part-time,0.83,12.94,5,2.72,190845,29121.81,11126.41,19084.5,6516.24,186600,205707.56671195626,205492.48,215.0867119562463,0.0010466889686486156,0.05830076763865964,0.034144148392674684,19107.566711956257,0
177,Male,HR,5,Part-time,0.85,3.32,4,3.92,332210,67578.07,83101.23,33221.0,18612.74,331140,442250.403492688,431055.56,11194.843492688029,0.025970766953308824,0.2501466843261792,0.056027031094789445,111110.40349268803,1
178,Male,Finance,4,Part-time,0.76,23.41,5,2.63,314084,56910.28,71380.34,31408.4,55522.02,315183,362841.2694633021,355444.19999999995,7397.0694633021485,0.020810775540301824,0.22726512652666164,0.17677442977037988,47658.2694633021,0
179,Male,Sales,1,Full-time,0.93,20.04,1,3.35,78185,17374.57,5475.19,7818.5,14156.72,81207,89598.69252507461,79059.54000000001,10539.152525074605,0.13330652474166438,0.07002864999680244,0.1810669565773486,8391.692525074614,0
180,Female,IT,4,Full-time,0.86,16.09,2,3.82,270328,56698.17,19033.12,27032.8,8343.23,264377,312264.0568375392,310683.26,1580.7968375391793,0.005088130070281802,0.07040750495694119,0.0308633585866059,47887.05683753919,0
181,Female,Finance,3,Contract,0.81,3.99,3,4.68,230844,30675.04,67860.36,23084.4,18615.55,233016,291862.133904284,287679.45,4182.683904283971,0.014539390645678623,0.29396631491396785,0.08064125556652978,58846.13390428398,0
182,Male,HR,4,Full-time,0.91,12.45,4,3.89,315896,65668.54,33836.78,31589.6,62970.74,324292,316251.3799684913,320840.98,-4589.600031508657,-0.014304905911672059,0.10711367032187809,0.1993400992731785,-8040.620031508675,1
183,Female,Operations,2,Contract,0.99,16.26,0,3.0,141640,28616.13,9638.55,14164.0,3614.29,146853,160057.37770061323,162116.38999999998,-2059.0122993867553,-0.012700827469614612,0.06804963287207003,0.025517438576673254,13204.37770061323,1
184,Female,Sales,1,Full-time,0.97,18.18,0,4.36,51219,8390.9,6990.56,5121.9,4445.14,51192,43684.74740897929,57033.420000000006,-13348.672591020717,-0.23405001122185407,0.13648372674202933,0.08678693453601204,-7507.252591020711,0
185,Female,IT,1,Full-time,1.0,1.0,4,4.67,54445,10170.4,8692.35,5444.5,8196.5,57180,68296.19666745036,59666.75,8629.446667450364,0.1446273957849282,0.159653779043071,0.15054642299568372,11116.196667450364,0
186,Female,Finance,5,Part-time,0.98,10.54,4,3.19,371610,70179.5,103341.34,37161.0,21523.35,366673,486138.4222439943,486446.49,-308.06775600567926,-0.0006333024543062882,0.2780908479319717,0.05791918947283442,119465.42224399431,0
187,Female,IT,4,Contract,0.91,15.79,3,4.33,236664,28337.0,54185.7,23666.4,43457.63,227736,247660.22876923662,252062.66999999998,-4402.441230763361,-0.01746566134034588,0.22895624176047052,0.1836258577561437,19924.228769236623,0
188,Female,HR,4,Part-time,0.99,4.52,1,4.64,312124,54260.16,34897.89,31212.4,55163.23,314008,309533.4330564956,314906.42000000004,-5372.986943504424,-0.017062170226648358,0.11180777511501838,0.17673498353218595,-4474.566943504382,0
189,Male,Finance,5,Contract,0.86,12.87,2,3.4,259920,49109.97,23621.78,25992.0,23495.38,262966,272806.91819423274,283164.37,-10357.451805767254,-0.036577524939904175,0.09088096337334564,0.09039465989535242,9840.918194232741,0
190,Female,HR,1,Part-time,0.94,3.27,0,4.92,71717,12053.36,7818.06,7171.7,2383.11,68667,91320.22429902815,82033.61,9286.614299028151,0.11320499364867828,0.10901264693168984,0.033229359844946106,22653.224299028152,0
191,Male,IT,3,Full-time,0.79,12.99,1,3.34,227361,51004.46,35859.8,22736.1,14725.85,235861,288769.3883250746,276763.31000000006,12006.078325074515,0.04338031050819024,0.15772186082925393,0.06476858388202023,52908.38832507457,0
192,Male,IT,5,Full-time,0.79,4.19,4,2.59,285380,60061.16,61628.13,28538.0,30088.63,283014,355244.43393690797,348442.66000000003,6801.773936907935,0.019520497108212683,0.21595111780783516,0.10543356226785339,72230.43393690797,0
193,Female,HR,5,Full-time,0.96,20.14,2,3.96,390640,89941.22,39634.45,39064.0,15682.45,385381,464896.40992468747,465469.22,-572.8100753125036,-0.0012306078483825496,0.10146029592463648,0.04014553041163219,79515.40992468747,0
194,Male,Operations,3,Full-time,0.88,23.42,0,2.6,214983,25436.03,35052.93,21498.3,40437.77,205827,213238.1121079213,213535.89000000004,-297.77789207873866,-0.0013945098038495476,0.16304977602880227,0.188097523990269,7411.112107921304,0
195,Male,IT,3,Full-time,0.83,12.68,4,2.6,181827,22228.62,53940.35,18182.7,35223.77,172344,211920.12139761986,204589.5,7330.621397619863,0.035830877917096736,0.2966575371094502,0.1937213395150335,39576.12139761986,0
196,Male,Finance,1,Full-time,0.86,12.89,5,3.72,63794,12760.69,5416.93,6379.4,1620.06,71032,76744.06780718395,73972.16,2771.9078071839467,0.0374723113017647,0.0849128444681318,0.025395178229927578,5712.06780718395,0
197,Male,IT,4,Part-time,0.83,17.62,2,3.0,267268,53724.84,78170.01,26726.8,9862.76,276721,357583.1383144335,362573.29,-4990.151685566467,-0.013763153059527543,0.29247799961087745,0.03690213568403251,80862.13831443351,0
198,Male,Sales,5,Full-time,0.97,4.43,4,4.23,257100,58031.92,73570.08,25710.0,36761.35,264186,341542.9008309343,326230.65,15312.250830934267,0.04693688600667738,0.28615355892648775,0.14298463632827693,77356.90083093429,0
199,Female,Sales,1,Full-time,0.87,15.45,3,4.67,77764,14432.33,4478.95,7776.4,14586.25,80924,83156.83746366388,74312.63,8844.207463663872,0.11901351713246956,0.05759670284450388,0.18757072681446427,2232.8374636638764,0
200,Female,IT,4,Contract,0.8,16.47,3,3.48,209632,41441.09,16067.93,20963.2,29015.62,202279,226658.44244448305,217162.2,9496.24244448304,0.043728800152526726,0.07664826934819112,0.13841216989772553,24379.44244448305,0
201,Female,Operations,2,Full-time,1.0,1.21,1,4.94,118022,19005.81,31593.12,11802.2,18981.41,127203,150747.01015246916,137837.31999999998,12909.690152469178,0.09365888826385467,0.2676883970785108,0.1608294216332548,23544.010152469156,0
202,Female,Sales,5,Contract,0.97,10.1,2,3.32,324335,64912.09,81719.93,32433.5,50989.13,330900,391172.6644121118,387544.38999999996,3628.274412111845,0.009362216318269619,0.2519614904342732,0.15721130929440238,60272.6644121118,0
203,Female,IT,1,Contract,0.95,10.89,5,4.54,78760,9296.15,14658.99,7876.0,1656.84,86826,84412.09930483838,93182.3,-8770.20069516162,-0.0941187403097114,0.18612227018791264,0.021036566785170137,-2413.9006951616175,0
204,Male,Sales,4,Full-time,0.85,17.39,3,3.47,244424,40893.12,26736.57,24442.4,21310.19,249284,254780.6929392456,266301.1,-11520.407060754369,-0.04326083167044511,0.10938602592216803,0.08718534186495597,5496.692939245608,0
205,Female,Sales,1,Part-time,0.81,1.83,3,4.01,60240,12061.97,12341.52,6024.0,6230.56,58592,80243.05389593277,72388.93000000001,7854.12389593276,0.10849896380472483,0.20487250996015938,0.10342895086321381,21651.053895932768,0
206,Female,HR,4,Full-time,0.88,11.98,0,2.56,309020,46719.86,44823.01,30902.0,28364.36,301817,338697.858931931,341296.51,-2598.6510680689826,-0.007614056961991737,0.14504889651155264,0.09178810432981684,36880.85893193103,0
207,Male,Sales,1,Contract,0.9,13.34,5,4.02,62210,13358.51,15754.46,6221.0,9285.6,56473,81887.79871829411,75816.37,6071.428718294119,0.08008070972395696,0.2532464234045973,0.14926217649895515,25414.798718294114,0
208,Male,Operations,5,Contract,0.81,23.18,2,2.65,359770,86404.31,49614.32,35977.0,13763.27,353775,448297.89139175497,446048.36,2249.5313917549793,0.005043245516595957,0.1379056619506907,0.038255746727075636,94522.89139175497,0
209,Female,Finance,4,Contract,0.87,6.42,0,3.21,237700,34726.42,59604.81,23770.0,27822.55,247374,287785.2128480185,280438.68,7346.532848018513,0.026196574766428487,0.25075645771981486,0.1170490113588557,40411.212848018506,0
210,Female,Finance,1,Contract,0.93,6.82,4,3.53,56971,6738.7,5428.61,5697.1,8124.13,52041,42753.075171014585,55317.08,-12564.004828985417,-0.22712704338308198,0.0952872514086114,0.14260114795246703,-9287.924828985415,0
211,Female,HR,1,Part-time,0.8,13.13,4,4.27,62044,7199.06,11901.78,6204.4,4106.15,55808,70677.18760858655,70834.29000000001,-157.10239141345664,-0.0022178861595627854,0.19182805750757528,0.06618125846173682,14869.187608586552,0
212,Female,Operations,2,Part-time,0.95,13.76,4,2.61,150294,29303.23,43262.25,15029.4,19281.24,158537,192968.75963533722,188548.84000000003,4419.919635337195,0.023441775803750342,0.28785081240768096,0.12829015130344526,34431.75963533722,0
213,Male,Operations,3,Full-time,0.95,22.11,1,3.07,176862,23311.6,35857.93,17686.2,16622.4,176986,191772.02411686972,201722.93,-9950.905883130268,-0.049329572414649484,0.202745247707252,0.09398514095735659,14786.024116869725,0
214,Female,Finance,1,Full-time,0.95,6.87,1,4.56,68557,11213.23,14869.15,6855.7,2550.07,71689,79690.36841763272,85233.60999999999,-5543.241582367264,-0.06503586533959156,0.2168874075586738,0.03719634756480009,8001.368417632722,0
215,Male,HR,1,Full-time,0.91,11.29,5,3.97,67382,8436.37,15782.11,6738.2,11812.3,64431,71567.67872897832,73049.98,-1482.3012710216717,-0.020291604063706406,0.2342184856489864,0.17530349351458846,7136.678728978324,0
216,Female,Sales,4,Part-time,0.76,16.05,1,4.02,248500,45228.15,26834.71,24850.0,22455.23,248711,272219.06440213264,273257.63000000006,-1038.5655978674185,-0.0038006828862104172,0.10798676056338027,0.0903630985915493,23508.064402132644,0
217,Female,Operations,5,Full-time,0.9,12.42,0,4.97,275490,33187.17,61650.84,27549.0,25559.24,270648,330641.3765126115,317219.77,13421.606512611499,0.042310119929194506,0.22378612653816835,0.09277737848923737,59993.37651261152,0
218,Male,IT,3,Part-time,0.92,24.78,5,2.82,191682,22161.59,44294.78,19168.2,23789.58,197596,210751.884066336,215180.58999999997,-4428.705933663965,-0.02058134487717487,0.23108471322294216,0.12410961905656244,13155.884066336002,0
219,Female,Sales,3,Full-time,0.82,1.99,4,2.71,161187,37738.49,15790.98,16118.7,12605.93,162497,180797.61963947193,185991.84,-5194.2203605280665,-0.027927141107524214,0.09796683355357441,0.07820686531792266,18300.61963947193,0
220,Female,IT,3,Contract,0.77,12.98,5,2.67,208305,45838.24,22586.1,20830.5,24413.79,214250,221693.5278659019,231485.04999999996,-9791.52213409805,-0.042298723542181456,0.10842802621156476,0.11720213148988262,7443.5278659019095,0
221,Female,IT,2,Part-time,0.97,16.27,4,3.83,103590,15398.66,13803.42,10359.0,14555.19,93841,121258.46909470164,107877.89000000001,13380.579094701621,0.12403449024356723,0.1332505068056762,0.14050767448595425,27417.469094701635,0
222,Male,Finance,2,Full-time,0.87,1.5,2,3.91,118968,28985.81,11162.26,11896.8,17155.29,119719,133416.13207492838,130063.98000000001,3352.1520749283663,0.02577310086104059,0.09382573465133481,0.1442008775469034,13697.132074928377,0
223,Male,IT,4,Contract,0.8,13.4,3,2.74,223028,37369.6,53312.8,22302.8,18413.83,217261,281724.25096475414,272993.77,8730.480964754126,0.03198051356539794,0.23904083792169595,0.08256286206216261,64463.250964754145,0
224,Female,Operations,2,Contract,0.98,5.87,4,3.5,154614,18996.25,46093.66,15461.4,739.521622785656,156219,180224.4149672574,203502.98837721435,-23278.573409956938,-0.11438934433143377,0.2981208687440982,0.004783018502759491,24005.414967257413,0
225,Male,Sales,1,Part-time,0.88,21.05,0,3.8,65065,12592.54,4702.97,6506.5,10146.8,57616,66775.53723825827,65707.21,1068.3272382582654,0.016258904285515477,0.07228110351187275,0.15594866671789748,9159.537238258272,0
226,Female,Operations,4,Contract,0.95,17.72,3,2.59,292992,42621.33,33922.07,29299.2,24852.92,296678,314163.5213089557,315383.28,-1219.7586910443497,-0.0038675439327168822,0.11577814411314985,0.08482456858890344,17485.52130895568,0
227,Female,IT,4,Full-time,0.77,23.42,2,3.88,222524,32450.37,33210.68,22252.4,22362.87,227600,246678.4088362477,243569.77999999997,3108.6288362477208,0.012762785417171707,0.14924538476748575,0.10049644083334831,19078.40883624769,0
228,Female,IT,4,Full-time,0.98,12.42,1,4.98,257104,58546.11,26257.42,25710.4,48208.84,266400,287932.28613946226,267988.2899999999,19943.99613946234,0.07442114780262356,0.10212762150724998,0.1875071566370029,21532.28613946226,0
229,Female,Operations,1,Part-time,0.78,20.44,2,3.45,74438,17247.0,19876.0,7443.8,12287.23,75563,86485.24637085562,91829.97,-5344.723629144384,-0.05820238892754059,0.2670141594346973,0.16506663263386978,10922.246370855617,0
230,Male,Finance,2,Full-time,0.77,10.07,4,2.93,141498,28899.93,19318.0,14149.8,27678.4,135234,155824.06879629218,147887.73,7936.33879629217,0.053664619751024434,0.13652489787841524,0.19560983194108753,20590.06879629218,0
231,Male,Finance,3,Contract,0.91,20.56,5,2.83,230121,52767.25,64592.5,23012.1,24777.39,224960,310812.92039213853,299691.26,11121.660392138525,0.03711039284942285,0.28068928954767275,0.10767113822728043,85852.92039213853,0
232,Male,IT,2,Part-time,0.79,12.56,1,3.5,111370,13582.25,15801.58,11137.0,3594.02,121109,130485.29245081489,126022.80999999998,4462.482450814903,0.03541011703210636,0.1418836311394451,0.03227098859656999,9376.292450814886,0
233,Male,IT,2,Contract,0.76,3.38,3,4.91,130404,23789.53,38006.97,13040.4,12759.98,138876,166915.91531848095,166400.12,515.7953184809594,0.003099729245874098,0.2914555535106285,0.09784960584031165,28039.915318480955,0
234,Female,Operations,5,Part-time,0.86,2.64,5,4.1,301795,39959.39,61836.89,30179.5,41356.84,296741,316251.2074691691,332054.94000000006,-15803.732530830952,-0.04759372810665292,0.20489699961894664,0.13703620006958364,19510.20746916911,0
235,Female,IT,4,Part-time,0.79,1.53,5,4.45,239688,40500.1,15469.69,23968.8,47716.11,238688,225162.2196576169,223972.88,1189.3396576168889,0.005310194955821834,0.0645409448950302,0.19907592370081106,-13525.780342383106,0
236,Male,Finance,5,Full-time,1.0,5.98,2,2.86,325650,38494.35,40972.89,32565.0,118206.60110440027,330458,357419.5522310557,254345.63889559972,103073.91333545596,0.4052513492388376,0.12581879318286504,0.3629866454917865,26961.552231055684,1
237,Male,IT,3,Part-time,0.92,1.56,0,3.77,213372,53237.28,54088.22,21337.2,27896.15,206330,279060.58308353054,271464.14999999997,7596.433083530574,0.027983190721613056,0.2534925857188385,0.13073950658943068,72730.58308353054,0
238,Female,Sales,5,Contract,0.88,10.65,5,2.83,396780,92446.02,562727.40736573,39678.0,21835.62,388124,480288.6062524008,990439.80736573,-510151.20111332927,-0.5150754213627348,1.4182353126814105,0.055032058067442914,92164.60625240079,0
239,Female,Operations,2,Part-time,0.84,10.35,4,4.57,131170,27551.23,31785.93,13117.0,2883.85,137598,169894.22679418625,174506.31,-4612.083205813746,-0.026429320554733786,0.24232621788518716,0.021985591217504003,32296.226794186252,0
240,Male,IT,4,Full-time,0.75,6.5,2,4.4,293624,35401.21,53976.18,29362.4,17246.4,286387,315664.2516628407,336392.58999999997,-20728.33833715925,-0.061619485545621716,0.18382754815682642,0.058736343078222494,29277.251662840717,0
241,Male,IT,2,Contract,0.75,6.03,3,4.94,128796,28364.82,37337.21,12879.6,13885.98,135968,168689.0929473132,167732.44999999998,956.6429473132303,0.00570338623989115,0.28989417373210347,0.10781375197987515,32721.092947313213,1
242,Male,Finance,3,Part-time,0.86,21.11,3,2.75,190182,32946.4,16643.24,19018.2,14918.19,191269,198050.69847294752,205835.24999999997,-7784.551527052448,-0.03781933136842426,0.08751217255050427,0.0784416506293971,6781.6984729475225,0
243,Male,Finance,1,Part-time,0.93,11.9,0,3.44,68283,10868.7,11257.25,6828.3,11014.25,70949,67213.81809072066,72566.4,-5352.581909279339,-0.0737611609405915,0.16486167860228754,0.16130295974107758,-3735.181909279345,1
244,Female,Finance,5,Full-time,0.92,10.94,2,3.14,263350,59551.53,15697.39,26335.0,2116.8116269314805,272445,272569.9374991687,310147.10837306856,-37577.170873899886,-0.12115918497843675,0.05960656920448073,0.008038016430345473,124.93749916867819,0
245,Male,Finance,3,Contract,0.87,15.93,5,4.15,215088,50388.16,44989.4,21508.8,28070.71,217931,261142.08319252622,260886.05000000008,256.03319252614165,0.0009813985551398458,0.20916741054824073,0.1305080246224801,43211.08319252622,1
246,Male,Operations,1,Part-time,0.79,18.44,4,3.78,62343,12595.42,3766.65,6234.3,2198.37,63106,64245.05703723052,70272.4,-6027.342962769471,-0.08577112725293959,0.06041817044415572,0.035262499398489,1139.0570372305228,0
247,Male,Operations,1,Contract,0.93,1.8,5,2.68,63874,6503.41,18467.59,6387.4,9756.85,70536,61923.739683762426,72700.75,-10777.010316237574,-0.14823795237652396,0.2891253092024924,0.15275151078686164,-8612.260316237574,0
248,Female,IT,3,Part-time,0.84,19.37,1,4.15,171054,21857.17,15998.22,17105.4,6450.65,172251,177580.42769191478,185353.34,-7772.912308085215,-0.04193564738615023,0.09352730716615805,0.03771119061816736,5329.4276919147815,0
249,Female,HR,2,Full-time,0.92,19.11,1,3.16,105056,10835.66,7410.96,10505.6,20403.43,104748,100361.97148644653,92393.59,7968.3814864465385,0.08624387781064183,0.07054294852269266,0.1942147997258605,-4386.028513553465,0
250,Male,Operations,5,Contract,0.91,9.55,4,3.01,256180,30282.52,52197.51,25618.0,2103.793332589051,257215,266143.84929144435,310938.236667411,-44794.387375966646,-0.1440620100508259,0.20375325942696543,0.008212168524432238,8928.849291444349,0
251,Male,Operations,4,Full-time,0.91,13.26,1,2.6,223700,54867.64,55853.09,22370.0,16264.77,219124,296242.06499917665,295785.95999999996,456.1049991766922,0.0015420103076450697,0.24967854269110415,0.0727079570853822,77118.06499917665,0
252,Female,IT,4,Part-time,0.9,18.7,5,4.53,294316,58413.42,24140.96,29431.6,23806.68,292099,325780.8382309061,323632.10000000003,2148.7382309060777,0.006639447171359322,0.0820239470501094,0.08088816102420528,33681.83823090611,0
253,Female,Operations,3,Contract,0.98,5.62,3,3.43,173001,28512.56,27654.43,17300.1,22547.07,180499,187550.7910113138,189320.81999999998,-1770.0289886861865,-0.009349362572411141,0.1598512725359969,0.1303291310454853,7051.791011313791,0
254,Male,Finance,4,Full-time,0.97,16.15,2,3.21,288904,64249.95,76658.51,28890.4,49799.13,297595,348908.42360088864,351122.93,-2214.5063991113566,-0.0063069261785647455,0.2653425013153158,0.17237258743388806,51313.42360088864,0
255,Female,Sales,3,Part-time,0.98,6.31,4,4.39,201849,34128.82,52581.59,20184.9,30505.1,205567,243172.4601493393,237869.41,5303.050149339309,0.02229395595398042,0.26049963091221656,0.15112831869367696,37605.46014933931,0
256,Male,HR,5,Full-time,0.79,13.63,2,4.96,258545,62208.05,15717.84,25854.5,12841.07,264292,307163.1108598826,297775.32,9387.790859882603,0.031526423546056816,0.060793440213502484,0.04966667311299774,42871.11085988261,0
257,Female,Operations,1,Contract,0.78,18.15,4,4.54,77891,10283.69,13744.89,7789.1,13344.8,71976,83256.3441007917,80785.68,2470.664100791706,0.030582946145798443,0.17646313438009525,0.17132659742460618,11280.344100791699,0
258,Female,IT,2,Part-time,0.9,12.71,3,3.24,159330,29436.74,35406.52,15933.0,28232.98,166151,193624.99955708187,180007.27999999997,13617.719557081902,0.0756509378791897,0.22222130170087237,0.17719814222054855,27473.999557081872,0
259,Male,Sales,1,Full-time,0.91,19.03,3,2.9,78987,13367.26,4133.62,7898.7,5086.94,80442,81830.05394171178,83502.23999999999,-1672.1860582882073,-0.02002564312392347,0.052332915543064046,0.06440224340714294,1388.0539417117834,0
260,Male,Sales,1,Part-time,0.95,5.1,4,3.89,62253,13070.68,12699.39,6225.3,3351.98,59978,71641.6263663256,78445.79,-6804.163633674398,-0.08673714209104655,0.20399643390679967,0.05384447335871364,11663.626366325596,1
261,Female,IT,3,Full-time,0.84,19.59,0,3.89,181326,18274.84,43563.15,18132.6,4779.04,174572,213973.16349534204,220252.34999999998,-6279.186504657933,-0.028509055656649903,0.24024767545746337,0.026356065870310932,39401.16349534204,0
262,Female,HR,2,Full-time,0.99,9.2,2,3.32,154378,18885.56,19513.54,15437.8,27447.97,159859,155077.57347075088,149891.33000000002,5186.2434707508655,0.03460002303502721,0.1264010415991916,0.17779716021712938,-4781.426529249118,0
263,Male,Sales,4,Contract,1.0,9.21,0,3.62,318732,66395.27,86551.34,31873.2,40398.64,311328,388059.8441365357,399406.76999999996,-11346.925863464247,-0.028409448000754338,0.27154895021522785,0.1267479889060402,76731.84413653571,0
264,Male,Finance,2,Full-time,0.92,0.08,4,4.05,147660,22639.81,36700.79,14766.0,5424.78,157611,172723.3495041538,186809.82,-14086.47049584621,-0.07540540693121063,0.24854930245157794,0.036738317757009344,15112.349504153797,0
265,Female,IT,3,Full-time,0.9,12.02,2,4.11,161976,17773.31,31584.66,16197.6,19609.98,153540,192018.41861309117,175526.38999999998,16492.028613091185,0.09395754457828925,0.19499592532226998,0.12106719514002075,38478.41861309117,0
266,Male,Sales,5,Part-time,0.92,20.12,0,3.17,268160,60002.79,46811.06,26816.0,9082.71,274538,348742.0698447451,339075.13999999996,9666.929844745144,0.02850969801190717,0.17456391706443913,0.03387048776849642,74204.0698447451,0
267,Male,Operations,5,Full-time,0.76,8.36,5,4.46,273520,56386.73,67601.49,27352.0,30937.42,273064,330085.28708693193,339218.8,-9133.512913068058,-0.02692513773726002,0.24715373647265285,0.11310843813980695,57021.28708693193,0
268,Female,IT,5,Part-time,0.83,10.85,1,2.72,343495,45716.37,68546.6,34349.5,52355.29,347145,369503.90432576224,371053.18,-1549.2756742377533,-0.00417534670970278,0.199556325419584,0.15241936563851002,22358.90432576224,0
269,Male,IT,5,Part-time,1.0,23.33,0,4.11,336185,54861.09,70277.57,33618.5,54266.07,344013,371627.2172092013,373439.08999999997,-1811.8727907986613,-0.004851856271389965,0.20904433570801792,0.1614172851257492,27614.217209201306,0
270,Male,Sales,4,Full-time,0.96,9.6,5,3.93,250708,47174.57,24097.82,25070.8,21360.92,252940,267873.1561062122,275548.67000000004,-7675.5138937878655,-0.02785538356540739,0.09611907079151842,0.08520238684046778,14933.156106212176,0
271,Female,IT,3,Full-time,0.83,0.65,2,2.56,173703,39040.54,20543.45,17370.3,19672.59,167099,198829.4417134783,196244.10000000003,2585.341713478265,0.013174111799938262,0.11826767528482525,0.1132541752301342,31730.4417134783,0
272,Female,HR,1,Part-time,0.81,10.74,4,4.68,61093,13824.74,5897.02,6109.3,10048.32,56830,63476.319309610655,64657.14000000001,-1180.8206903893515,-0.01826280423769674,0.09652529749725829,0.1644757991913967,6646.319309610655,0
273,Female,Sales,2,Full-time,0.86,12.07,0,2.83,146926,16468.97,34084.6,14692.6,16068.27,151923,180008.77371638297,166718.7,13290.073716382962,0.07971555510199492,0.23198480867919904,0.1093630126730463,28085.773716382973,0
274,Male,Finance,2,Full-time,0.94,3.97,1,4.03,158050,19013.91,37591.21,15805.0,21850.72,149423,173342.62994730982,176999.4,-3656.7700526901754,-0.020659787844988037,0.23784378361278077,0.13825194558683962,23919.62994730982,0
275,Female,Finance,5,Part-time,0.99,1.72,4,2.64,327560,46620.98,37809.08,32756.0,21113.27,325860,356308.95886478777,358120.79,-1811.831135212211,-0.005059273814324521,0.11542642569300281,0.06445619123214068,30448.958864787768,0
276,Male,HR,3,Part-time,0.82,18.98,0,3.62,235110,50902.86,296870.6203632138,23511.0,25336.12,235986,255702.22405452942,534036.3603632138,-278334.13630868436,-0.5211894862727721,1.2626881900523748,0.10776283441793202,19716.22405452942,1
277,Female,IT,3,Part-time,0.76,1.57,3,4.77,223068,26965.98,40844.9,22306.8,20967.77,227477,253499.0611767395,247604.31000000003,5894.751176739461,0.023807142843109072,0.1831051517922786,0.09399721161260244,26022.061176739488,0
278,Female,Finance,2,Part-time,0.76,16.59,5,4.91,132604,24402.48,37686.8,13260.4,3899.41,134641,175282.84954305433,177533.47000000003,-2250.620456945704,-0.012677161421706587,0.2842056046574764,0.029406428162046392,40641.849543054326,0
279,Female,IT,4,Full-time,0.85,6.5,3,4.33,278964,68958.38,31838.86,27896.4,38427.69,274877,315785.613457333,313437.14999999997,2348.4634573330404,0.007492613614349928,0.11413250455255876,0.1377514302920807,40908.613457333005,0
280,Female,Finance,1,Full-time,0.87,24.3,2,4.02,71657,10922.39,5626.79,7165.7,3383.96,71344,66803.86556301275,77656.51999999999,-10852.654436987243,-0.13975200584557798,0.07852394043847775,0.04722441631661945,-4540.134436987253,0
281,Female,Sales,5,Contract,0.81,6.27,3,4.63,277300,51074.06,50149.07,27730.0,1413.6639608973285,281845,342949.09200264455,349379.4660391027,-6430.374036458146,-0.018405128696769076,0.18084771006130546,0.00509795874827742,61104.09200264455,1
282,Female,Sales,1,Contract,0.77,17.7,2,3.86,70147,7874.62,11544.45,7014.7,7522.94,74399,80573.27485810514,75028.43,5544.844858105149,0.07390325051590643,0.16457510656193425,0.10724535618059218,6174.274858105142,0
283,Female,IT,1,Contract,0.79,23.64,5,4.62,63310,12684.37,10482.48,6331.0,5958.6,65214,79140.48408804157,74187.24999999999,4953.234088041587,0.06676664909457605,0.16557384299478756,0.09411783288580004,13926.484088041572,0
284,Male,IT,2,Contract,0.77,12.81,5,4.52,151204,25536.24,9524.21,15120.4,24423.99,155562,163180.0237576936,146720.06,16459.963757693593,0.1121861847500171,0.06298914049892859,0.16153005211502341,7618.023757693591,0
285,Male,HR,1,Full-time,0.8,6.47,5,2.91,62003,9271.45,14830.37,6200.3,7036.69,63869,75452.46418492822,72867.82999999999,2584.6341849282326,0.03547016817885524,0.2391879425189104,0.11348950857216586,11583.46418492822,0
286,Female,Operations,1,Contract,0.97,21.76,1,3.1,72251,12115.47,21404.17,7225.1,11485.18,76994,85041.53198298969,87060.35999999999,-2018.8280170102953,-0.02318883148438963,0.29624738757941066,0.15896222889648587,8047.531982989691,0
287,Female,Finance,4,Full-time,0.76,1.63,4,3.66,218044,51541.9,40267.37,21804.4,23898.99,225393,266539.9032669255,264149.88,2390.0232669254765,0.009047981649378287,0.1846754324815175,0.10960627212856122,41146.90326692548,0
288,Female,Sales,3,Contract,0.96,9.51,2,4.44,174537,42704.23,17618.05,17453.7,19932.01,168254,191459.2415992385,197473.56999999998,-6014.328400761471,-0.030456371456501607,0.1009416341520709,0.11419933882214085,23205.241599238507,0
289,Male,HR,4,Contract,0.82,19.82,3,3.94,319736,62408.43,79767.27,31973.6,29183.8,328140,401297.1440842193,400754.30000000005,542.8440842192504,0.0013545558568410876,0.24947853854429905,0.09127467660820177,73157.1440842193,0
290,Male,Finance,3,Contract,0.79,17.4,3,4.48,171093,25238.66,45218.99,17109.3,31328.12,170450,199935.41940097776,193113.23,6822.189400977746,0.0353274055898591,0.2642947987351908,0.1831057962628512,29485.419400977757,0
291,Female,HR,1,Full-time,0.82,24.59,0,2.85,64812,8445.16,6225.6,6481.2,11725.67,60469,53634.90936520519,61275.890000000014,-7640.980634794825,-0.12469799516245009,0.0960562858729865,0.180918194161575,-6834.090634794811,0
292,Female,IT,3,Contract,0.86,15.38,2,2.71,219750,51061.65,55135.47,21975.0,24378.45,211877,282982.46252474765,279593.67,3388.792524747667,0.012120419338347921,0.25090088737201366,0.11093720136518771,71105.46252474765,0
293,Female,Finance,2,Contract,0.99,10.44,5,4.96,145888,29205.03,30442.13,14588.8,7275.71,141592,182173.49587996362,183670.65000000002,-1497.1541200364009,-0.008151297553726742,0.20866781366527748,0.04987188802368941,40581.49587996362,0
294,Female,Operations,2,Full-time,0.79,0.32,1,3.9,151908,27208.23,34914.29,15190.8,27380.88,146458,179344.67996543893,171458.84000000003,7885.839965438907,0.04599261236946958,0.22983838902493614,0.1802464649656371,32886.67996543893,0
295,Male,Sales,1,Part-time,0.77,18.29,4,2.97,68752,15725.41,17515.66,6875.2,31041.102435062956,70840,78997.96947776288,64076.76756493705,14921.201912825825,0.23286446055045293,0.254765824994182,0.4514938101446206,8157.969477762876,1
296,Female,Operations,2,Contract,0.87,20.54,0,3.65,104308,16028.98,18102.98,10430.8,17636.9,104442,119491.28848903235,110372.25999999998,9119.028489032367,0.08262065567047706,0.17355313111170764,0.16908482570847874,15049.288489032348,0
297,Female,Sales,5,Part-time,0.83,4.34,3,4.28,384895,86176.73,28928.47,38489.5,24316.64,393733,434059.99480764935,437194.05999999994,-3134.065192350594,-0.007168590516418714,0.07515938112991855,0.0631773340781252,40326.994807649346,0
298,Male,HR,3,Contract,0.86,18.72,0,4.13,194232,37513.83,26822.22,19423.2,33303.13,199496,198462.438524012,205841.72,-7379.281475988013,-0.03584929952969696,0.13809372297046832,0.17146057292310227,-1033.5614759880118,0
299,Female,HR,5,Contract,0.87,24.48,4,4.09,279810,33280.52,61290.81,27981.0,21970.32,274038,320713.0716216129,324430.01,-3716.938378387131,-0.011456826630764309,0.21904438726278547,0.07851870912404846,46675.07162161288,0
300,Female,Operations,1,Full-time,0.79,21.39,4,3.07,55014,12408.75,6591.72,5501.4,7466.43,54979,62655.917246982724,61046.64000000001,1609.2772469827178,0.02636143851623476,0.11981895517504636,0.13571872614243646,7676.9172469827245,0
301,Male,HR,3,Contract,0.92,12.82,1,3.26,184014,24270.83,10727.53,18401.4,13747.75,191017,190974.47279727133,186863.21000000002,4111.262797271309,0.022001456558898395,0.05829735780973187,0.07471034812568608,-42.52720272867009,0
302,Female,IT,3,Full-time,0.97,19.15,5,4.47,204147,40777.9,23491.55,20414.7,37419.15,203140,212019.2542555168,210582.6,1436.654255516798,0.00682228377613724,0.11507173752247155,0.18329512557127953,8879.254255516804,1
303,Male,Finance,5,Contract,0.92,14.01,0,2.78,332340,55520.17,3592.1662296838535,33234.0,58366.03,327865,333744.65363188775,299852.3062296838,33892.347402203945,0.11303013749790122,0.010808708640801148,0.1756214418968526,5879.653631887748,0
304,Male,HR,5,Contract,0.99,2.77,4,3.56,305315,32456.11,71741.71,30531.5,56560.76,313783,329199.93341720337,322420.56,6779.373417203373,0.02102649228449753,0.23497604113784126,0.1852537870723679,15416.93341720337,0
305,Male,IT,1,Full-time,0.82,21.46,5,3.23,75264,17808.63,17949.75,7526.4,12409.77,84163,83602.70038364324,91086.21,-7483.509616356765,-0.08215853548365624,0.23849051339285715,0.1648832110969388,-560.2996163567586,0
306,Female,HR,5,Part-time,0.96,7.04,4,4.68,354690,41458.67,80132.09,35469.0,41614.26,345682,407885.35692940024,399197.5,8687.856929400237,0.021763304954064686,0.22592148072965124,0.11732572105218642,62203.35692940024,0
307,Female,Operations,3,Contract,0.77,6.05,2,2.53,197475,33632.99,24746.84,19747.5,25218.42,195499,202459.45064682915,210888.90999999997,-8429.459353170823,-0.0399710888219339,0.12531631852133182,0.12770436764147358,6960.450646829151,0
308,Female,Finance,4,Full-time,0.94,1.2,5,4.76,207852,47356.91,45093.73,20785.2,26351.45,203031,244623.56662736644,253165.99,-8542.423372633551,-0.03374238132315305,0.21695114793218254,0.12677987221676962,41592.56662736644,0
309,Female,Sales,4,Part-time,0.97,4.63,1,2.7,244588,33246.0,60815.48,24458.8,6418.15,254467,308332.9473049054,307772.52999999997,560.4173049054225,0.0018208814961667389,0.2486445778206617,0.026240657759170522,53865.94730490539,0
310,Male,Finance,3,Contract,0.77,20.78,2,4.0,189195,22181.21,13899.08,18919.5,34761.33,183479,180889.4864208655,171594.45999999996,9295.026420865528,0.05416856943321789,0.07346430931049974,0.18373281534924285,-2589.513579134509,0
311,Female,Operations,5,Full-time,0.92,20.73,2,4.7,289605,53798.72,51944.01,28960.5,28229.81,294890,332924.8145349806,338157.42,-5232.605465019413,-0.015473874460656262,0.17936157870202518,0.09747694273234234,38034.81453498057,0
312,Male,Finance,4,Full-time,0.94,15.05,1,4.73,212688,35414.04,42914.57,21268.8,28422.64,204346,226680.10682514834,241325.16999999998,-14645.063174851646,-0.06068601619487784,0.20177240841044158,0.1336353720003009,22334.106825148338,0
313,Female,Sales,5,Part-time,0.9,17.57,1,3.09,391770,69286.31,29796.54,39177.0,34950.6,387003,434092.7917399825,416725.25,17367.541739982495,0.04167624049654417,0.07605620644766062,0.08921203767516654,47089.791739982495,0
314,Female,Operations,3,Full-time,0.99,15.02,1,4.36,198981,35008.7,41492.71,19898.1,6520.17,205847,247657.0535005413,249064.14,-1407.0864994587027,-0.005649494541681925,0.20852598991863544,0.03276780195094004,41810.05350054131,0
315,Female,Sales,3,Part-time,0.81,9.05,0,3.68,158850,16972.7,13503.21,15885.0,11091.95,161735,151098.42029062533,162348.96,-11250.539709374658,-0.06929850187752763,0.0850060434372049,0.06982656594271326,-10636.579709374666,1
316,Female,HR,2,Contract,0.9,7.02,2,3.02,103188,18314.41,5301.43,10318.8,2206.11,94844,113614.08541897044,114278.93,-664.8445810295525,-0.005817735439328602,0.05137641973872931,0.021379520874520296,18770.08541897044,0
317,Female,Sales,5,Contract,0.8,0.92,5,2.77,327100,49336.2,81986.44,32710.0,40223.08,326463,370488.18024283403,385489.56,-15001.379757165967,-0.038915138861778685,0.2506464078263528,0.122968755732192,44025.18024283403,0
318,Male,IT,4,Full-time,0.98,9.93,2,2.72,295352,56872.97,23173.2,29535.2,24260.26,297337,322522.9186331793,321602.70999999996,920.2086331793107,0.0028613211411661014,0.07845960074758254,0.08214015818413282,25185.918633179273,0
319,Female,Finance,1,Part-time,0.88,21.86,0,3.73,68686,14103.9,20482.45,6868.6,2999.38,77095,87737.11586471628,93404.36999999998,-5667.2541352837,-0.060674400301438794,0.298204146405381,0.0436679963893661,10642.115864716281,0
320,Male,Finance,5,Part-time,0.86,10.28,0,4.77,313295,64884.93,63278.17,31329.5,23712.39,319818,374306.49485909735,386416.20999999996,-12109.715140902612,-0.031338527803744604,0.2019763162514563,0.07568710001755534,54488.49485909735,0
321,Female,Operations,3,Contract,0.96,23.88,5,4.55,210066,21055.92,43924.87,21006.6,6134.84,203959,260803.11502604338,247905.34999999998,12897.765026043402,0.05202697330268751,0.20910033037235917,0.029204345301000637,56844.11502604338,0
322,Male,IT,4,Part-time,0.78,9.6,2,3.64,273116,42430.74,21919.27,27311.6,26058.16,275096,291270.9645269243,284096.25000000006,7174.7145269242465,0.025254520349790765,0.08025626473732773,0.0954105947655941,16174.964526924305,0
323,Male,HR,5,Contract,0.94,1.78,3,2.7,331930,50856.89,94743.25,33193.0,46584.08,323249,389029.86738045723,397753.06,-8723.192619542766,-0.021931176643977965,0.285431416262465,0.14034308438526197,65780.86738045723,0
324,Male,IT,2,Contract,0.9,0.25,2,4.09,152688,36185.99,31017.55,15268.8,27066.35,158211,188843.84903797015,177556.38999999998,11287.45903797017,0.06357112260488158,0.2031433380488316,0.17726573142617624,30632.849037970154,0
325,Female,HR,5,Contract,0.93,3.01,1,4.76,303730,33400.15,55731.99,30373.0,13845.44,304167,348377.8600748443,348643.7,-265.8399251556839,-0.000762497429770519,0.18349188423929147,0.045584696934777603,44210.86007484433,0
326,Male,Sales,5,Contract,0.82,12.15,2,3.94,347275,37005.92,28042.74,34727.5,41865.96,348297,334065.26514181966,335730.19999999995,-1664.9348581802915,-0.0049591453440300925,0.08075081707580448,0.12055564034266791,-14231.734858180338,0
327,Female,Operations,3,Part-time,0.84,18.23,0,4.13,186210,42240.0,41547.77,18621.0,18134.54,187064,223693.13534594816,233242.23,-9549.094654051849,-0.04094067636916286,0.2231231942430589,0.0973875731700768,36629.13534594816,0
328,Male,Sales,5,Part-time,0.83,19.72,5,3.62,392880,86338.15,100422.33,39288.0,68503.04,383753,479202.67338888004,471849.44,7353.233388880035,0.015583855284177162,0.2556056047648137,0.174361229892079,95449.67338888004,0
329,Female,Finance,5,Contract,0.98,10.77,1,3.3,368190,68972.96,52574.99,36819.0,115115.53662753083,359872,413979.80963473325,337803.4133724692,76176.39626226405,0.22550511109924856,0.14279309595589235,0.3126525343641349,54107.80963473325,0
330,Female,HR,5,Contract,0.84,4.17,5,3.58,351535,42672.52,95801.82,35153.5,28916.55,353993,434952.9310946207,425939.29000000004,9013.641094620689,0.02116179771680769,0.27252427212084146,0.08225795439998862,80959.93109462073,1
331,Male,HR,1,Contract,0.79,0.64,5,4.11,53601,10480.89,7244.23,5360.1,1763.91,49852,50734.60446223238,64202.109999999986,-13467.505537767604,-0.20976733533785114,0.13515102330180406,0.03290815469860637,882.6044622323825,0
332,Male,Sales,3,Part-time,0.92,15.14,1,3.41,190593,25288.62,56607.83,19059.3,19387.18,187274,227596.00946803053,234042.97000000003,-6446.9605319694965,-0.027546055034122562,0.29700896675113986,0.10172031501681594,40322.009468030534,0
333,Female,Operations,5,Part-time,0.92,3.51,5,3.71,369175,38442.38,65109.1,36917.5,71443.9,361215,360873.99287578743,364365.07999999996,-3491.0871242125286,-0.009581288975915389,0.17636378411322542,0.1935231258888061,-341.0071242125705,0
334,Male,Operations,2,Contract,0.76,9.7,2,2.9,143398,14842.1,34279.78,14339.8,14703.19,149073,162600.01156859336,163476.89,-876.8784314066579,-0.005363929001870893,0.23905340381316337,0.10253413576200505,13527.011568593356,0
335,Female,Finance,2,Part-time,0.82,22.5,4,2.79,122434,29798.94,15731.75,12243.4,22027.43,130334,143078.85710069316,133693.86000000002,9384.997100693145,0.07019766727277635,0.1284916771485045,0.1799126876521228,12744.85710069316,0
336,Female,Finance,5,Part-time,1.0,7.21,1,4.9,290385,46003.46,42505.97,29038.5,23599.5,289527,329213.5675375848,326256.43000000005,2957.1375375847565,0.009063844466099124,0.14637798095631663,0.08126969368252493,39686.56753758481,0
337,Female,HR,3,Part-time,0.89,3.85,5,3.88,170376,30881.62,40971.25,17037.6,28973.63,176399,181809.17812677808,196217.63999999998,-14408.46187322191,-0.07343102217120699,0.24047547776682163,0.17005699159506035,5410.178126778075,0
338,Female,Sales,3,Contract,0.81,4.87,5,2.64,176880,26773.83,20794.35,17688.0,34306.78,176310,168112.00960212786,172453.40000000002,-4341.390397872165,-0.0251742812717648,0.11756190637720487,0.1939551108095884,-8197.990397872141,0
339,Male,Operations,5,Part-time,0.89,8.68,3,3.95,384080,46427.4,61841.08,38408.0,50975.93,385389,382722.2498180294,402964.55000000005,-20242.30018197064,-0.050233451508254603,0.1610109352218288,0.13272216725682148,-2666.750181970594,0
340,Male,Finance,1,Part-time,1.0,22.01,5,4.06,52589,9750.35,10789.43,5258.9,25191.183085712946,53938,62624.446224959116,42678.69691428706,19945.749310672058,0.4673467268864773,0.20516514860522164,0.4790200058132489,8686.446224959116,1
341,Female,Finance,4,Full-time,0.85,0.99,1,3.69,308520,55982.09,32992.34,30852.0,59706.39,316168,308965.9572919565,306936.0399999999,2029.9172919566045,0.006613486288402642,0.10693744327758328,0.1935251847530144,-7202.042708043475,0
342,Female,Operations,3,Full-time,0.88,21.75,0,2.83,210522,46015.16,17095.48,21052.2,34306.23,219751,222015.75537412346,218274.21,3741.545374123467,0.01714149085282896,0.08120519470649148,0.16295793313762932,2264.7553741234588,0
343,Male,HR,1,Contract,0.82,21.93,4,4.86,57394,7020.4,9508.4,5739.4,11282.38,55023,65909.42200617735,56901.02000000001,9008.40200617734,0.1583170566393597,0.16566888524932918,0.1965776910478447,10886.422006177352,0
344,Male,IT,4,Part-time,0.9,9.38,5,3.21,261916,34175.71,62977.58,26191.6,23461.73,255210,309004.8102112922,309415.9600000001,-411.1497887079022,-0.0013287930871694598,0.24044953343820158,0.08957730722827166,53794.81021129218,0
345,Male,IT,5,Full-time,0.88,12.31,3,3.94,356965,82043.61,105370.65,35696.5,33328.09,362552,479523.6494270348,475354.67000000004,4168.979427034734,0.008770250278670311,0.2951848220413766,0.09336514784362612,116971.64942703478,0
346,Female,HR,3,Part-time,0.89,23.9,2,3.0,213492,24848.26,56253.11,21349.2,21145.74,205430,257260.15468760044,252098.43,5161.72468760045,0.020475037022644093,0.26349048207895376,0.09904699005114946,51830.15468760044,0
347,Male,Operations,2,Contract,0.96,22.33,5,2.66,147390,34271.08,23888.94,14739.0,16489.68,138612,179568.5462122381,174321.34000000003,5247.2062122380885,0.030100767996838987,0.16207978831671077,0.1118778750254427,40956.546212238114,0
348,Male,Sales,2,Full-time,0.75,11.92,3,4.22,151638,31602.28,33835.46,15163.8,6702.15,157870,196767.6795577502,195209.79,1557.8895577501971,0.007980591330743182,0.22313311966657434,0.04419835397459739,38897.679557750205,0
349,Male,Finance,1,Full-time,0.82,8.97,2,4.51,68610,9729.86,7044.62,6861.0,13196.49,78361,72951.99036300869,65326.99,7625.000363008694,0.11672052183957494,0.10267628625564787,0.19234062090074333,-5409.009636991308,0
350,Male,Finance,3,Part-time,0.82,0.36,5,4.34,203406,45791.1,47824.62,20340.6,9298.31,210586,271487.4933607784,267382.81000000006,4104.683360778319,0.015351336014376984,0.23511902303766852,0.04571305664533003,60901.493360778375,0
351,Female,HR,5,Part-time,0.94,19.22,2,4.15,281590,60518.59,73630.25,28159.0,36733.06,275281,350634.6099260075,350846.77999999997,-212.1700739924563,-0.0006047371276785164,0.26148034376220747,0.13044873752619054,75353.60992600751,0
352,Female,HR,4,Contract,0.77,10.19,2,3.52,294188,32331.7,40364.1,29418.8,11761.54,290289,318648.46279017825,325703.46,-7054.9972098217695,-0.021660799089520785,0.13720512053516798,0.039979672862251354,28359.46279017825,0
353,Male,Finance,3,Contract,0.95,23.69,5,2.68,224442,54599.4,40544.13,22444.2,16591.16,220771,280559.8138028978,280550.17000000004,9.64380289777182,3.437461077914093e-05,0.18064413077766192,0.07392181499006424,59788.813802897814,0
354,Male,Operations,4,Part-time,0.95,17.68,4,2.63,242980,26955.05,36621.54,24298.0,17774.54,235822,257947.34095145448,264484.05,-6536.709048545512,-0.024714946132084383,0.1507183307268088,0.0731522759074821,22125.340951454476,0
355,Female,IT,2,Full-time,0.81,7.03,3,4.51,121206,29014.8,18335.52,12120.6,946.4791399601894,119334,132126.78126951508,155489.24086003978,-23362.459590524697,-0.1502512936670255,0.1512756794218108,0.007808847251457762,12792.781269515079,0
356,Male,Finance,4,Full-time,0.81,16.01,3,4.95,298796,56927.8,41668.15,29879.6,40817.67,297544,310663.781084746,326694.68000000005,-16030.898915254045,-0.049069972352332285,0.13945350674038476,0.13660715002878218,13119.781084746006,0
357,Female,Finance,5,Contract,0.78,22.22,4,3.76,251870,42163.66,49483.94,25187.0,33362.98,250440,286644.89532219706,284967.62000000005,1677.2753221970052,0.005885845283744886,0.19646619287727796,0.13246111089053877,36204.89532219706,0
358,Female,HR,1,Contract,0.81,17.85,0,4.56,65250,14393.74,12275.17,6525.0,7414.4,65303,74046.42051494363,77979.51000000001,-3933.089485056378,-0.05043747370375087,0.18812521072796934,0.11363065134099616,8743.420514943631,0
359,Male,Sales,5,Contract,0.79,19.38,2,3.18,363095,63361.64,43959.38,36309.5,16008.53,356942,413905.2828165233,418097.99,-4192.707183476712,-0.010028049126657395,0.12106853578264641,0.04408909514039026,56963.28281652328,0
360,Female,Finance,5,Full-time,0.94,7.94,1,2.5,271880,48032.87,16778.52,27188.0,18952.9,277549,291769.32897626975,290550.49,1218.8389762697625,0.004194930031850101,0.0617129616007062,0.06971053405914375,14220.328976269753,0
361,Male,Sales,5,Part-time,0.93,1.57,3,4.6,365005,36709.64,40773.24,36500.5,55978.16,373002,344744.28808739793,350009.22,-5264.931912602042,-0.015042266351160813,0.11170597663045712,0.15336272105861565,-28257.71191260207,0
362,Female,Operations,2,Full-time,0.84,6.76,5,4.61,149462,21971.24,36951.96,14946.2,26983.42,158985,210553.5810027085,166455.57999999996,44098.00100270854,0.2649235369743,0.2472331428724358,0.18053699268041373,51568.581002708495,0
363,Male,Operations,4,Contract,0.86,22.75,5,3.44,247416,60520.86,17893.71,24741.6,35544.64,239975,246033.79273378858,265544.33,-19510.53726621144,-0.07347374830489296,0.07232236395382675,0.14366346558023732,6058.792733788578,0
364,Male,IT,5,Contract,0.91,17.6,1,2.51,343830,42993.52,78483.16,34383.0,48118.79,351415,381730.6567025096,382804.8900000001,-1074.2332974904566,-0.0028062162358752953,0.22826152459064072,0.13994936451153187,30315.656702509616,0
365,Male,HR,3,Contract,0.99,19.03,3,4.88,161424,33153.43,20099.39,16142.4,6290.0,158154,197170.58919816915,192244.42,4926.16919816914,0.025624510704493477,0.12451302160769154,0.038965705223510755,39016.58919816915,0
366,Female,IT,5,Part-time,0.76,9.0,0,4.89,324290,56770.26,51296.93,32429.0,33202.73,318613,376356.53549735056,366725.46,9631.075497350539,0.02626235848841948,0.1581822751241173,0.10238592000986772,57743.53549735056,0
367,Female,Sales,5,Full-time,0.8,9.22,4,3.42,325755,35133.74,78797.5,32575.5,30937.21,325853,378787.48811681854,376173.52999999997,2613.9581168185687,0.006948809281765702,0.2418919126337278,0.09497079093183527,52934.48811681854,0
368,Male,Sales,3,Full-time,0.8,16.43,5,3.68,171420,39773.47,17816.57,17142.0,24342.73,180370,189929.10487688662,187525.31,2403.794876886619,0.01281850901559165,0.10393518842608797,0.1420063586512659,9559.104876886617,0
369,Male,IT,4,Part-time,0.9,7.38,5,2.84,208356,41201.56,48890.6,20835.6,16004.43,216088,252092.8348570614,261608.13,-9515.295142938616,-0.036372322002908,0.2346493501507036,0.07681290675574498,36004.83485706139,0
370,Male,IT,4,Full-time,0.93,4.98,2,4.73,253588,36291.34,409825.06353414134,25358.8,7723.42,249485,305934.4336260477,666622.1835341413,-360687.7499080936,-0.541067727443278,1.6161059022277922,0.03045656734545799,56449.433626047685,1
371,Male,Sales,3,Part-time,0.78,12.9,3,3.17,235485,53059.96,12639.27,23548.5,20778.47,237854,357836.0728240363,256857.26000000004,100978.81282403626,0.39313201746384835,0.05367335499076374,0.08823691530246089,119982.0728240363,1
372,Female,IT,5,Full-time,0.87,10.11,5,3.83,390945,73994.06,20517.17,39094.5,40477.32,392340,397929.61500313185,405884.41,-7954.7949968681205,-0.019598670953802147,0.052480962795278106,0.10353712158999348,5589.615003131854,0
373,Male,HR,5,Part-time,0.99,12.98,4,4.19,270860,39756.72,65953.83,27086.0,43100.83,268157,309891.5259104778,306383.72,3507.805910477822,0.01144906103522022,0.2434978586723769,0.15912585837702134,41734.525910477794,0
374,Male,IT,3,Part-time,0.78,0.42,5,4.43,220689,48788.45,17666.55,22068.9,14963.8,228529,250268.2332615519,250111.3,156.93326155192335,0.0006274537038187533,0.0800517923412585,0.06780492004585638,21739.23326155191,0
375,Female,Operations,4,Full-time,0.75,7.33,1,4.43,260372,46266.56,35677.19,26037.2,22629.73,261714,294966.9067298921,293648.82,1318.086729892122,0.004488649843347309,0.1370239119413762,0.08691307052985728,33252.90672989213,0
376,Male,Finance,2,Contract,0.96,0.59,0,4.75,102110,22206.86,25026.55,10211.0,10460.07,105847,129079.44161484814,128672.34,407.1016148481431,0.0031638626829056118,0.24509401625697777,0.10243923220056801,23232.44161484814,0
377,Male,HR,2,Full-time,0.85,7.57,0,2.66,138924,18648.51,15510.99,13892.4,14883.47,130024,142900.79476454345,144307.63,-1406.8352354565577,-0.009748862450700339,0.11165090265180962,0.10713390054994097,12876.794764543447,0
378,Female,Operations,1,Full-time,0.76,23.94,5,4.86,51449,11204.48,15323.16,5144.9,369.6892096464591,54630,80052.17132582415,72462.05079035355,7590.1205354706035,0.10474614577815719,0.2978320278333884,0.00718554703971815,25422.17132582415,1
379,Female,HR,5,Full-time,0.99,1.89,0,3.41,272955,36523.34,27011.15,27295.5,12377.02,279466,307070.1203600301,296816.97,10253.150360030122,0.03454367976342499,0.09895825319191809,0.04534454397244967,27604.120360030094,0
380,Female,HR,5,Part-time,0.89,3.67,4,4.53,347960,67989.02,51164.53,34796.0,49181.87,348467,387597.20848580106,383135.68000000005,4461.528485801013,0.011644774211060197,0.14704141280606967,0.14134345901827797,39130.208485801064,0
381,Male,Finance,2,Contract,0.81,8.63,4,4.79,114486,16437.4,19176.07,11448.6,20633.29,118037,115458.79981396123,118017.57999999999,-2558.7801860387553,-0.02168134769446006,0.16749707387802876,0.18022544241217267,-2578.200186038768,1
382,Female,Finance,1,Contract,0.79,0.2,4,4.08,78826,13175.85,6587.39,7882.6,15168.34,74564,76752.36393798993,75538.3,1214.0639379899221,0.016072163895532756,0.08356874635272626,0.1924281328495674,2188.363937989925,0
383,Female,Operations,4,Full-time,0.88,6.05,2,3.75,284320,57416.45,19635.08,28432.0,19745.08,286809,311751.3165459008,313194.45,-1443.1334540992393,-0.004607787443549013,0.06905979178390546,0.06944667979741137,24942.316545900772,0
384,Female,Sales,4,Full-time,0.89,10.82,2,2.61,249340,31133.21,40239.84,24934.0,14375.29,245365,292386.5477974123,281403.76000000007,10982.787797412253,0.03902857515980686,0.1613854175022058,0.0576533648832919,47021.54779741232,0
385,Female,HR,2,Part-time,0.76,21.09,5,4.95,109460,23968.61,28836.82,10946.0,6956.83,114632,131577.60518493003,144362.6,-12784.994815069978,-0.08856168297793181,0.26344619038918327,0.06355591083500822,16945.605184930027,0
386,Male,Operations,4,Part-time,0.86,14.84,4,2.68,269464,52101.27,399865.15091437055,26946.4,14610.17,263857,363277.3113286555,679873.8509143705,-316596.539585715,-0.46566953437011954,1.4839279121306392,0.05421937624320874,99420.31132865552,0
387,Female,HR,3,Full-time,0.95,22.7,2,4.86,213573,52116.16,38521.07,21357.3,41842.24,206163,235878.79472764558,241010.69000000006,-5131.895272354479,-0.021293226754192842,0.1803648869473201,0.19591540129136173,29715.79472764558,0
388,Female,Finance,1,Contract,0.87,17.96,5,3.12,77177,15133.81,16720.41,7717.7,3803.74,73418,101412.75827896858,97509.78,3902.978278968585,0.04002653148195581,0.21665016779610505,0.049285927154463116,27994.758278968584,0
389,Male,Finance,4,Contract,0.89,19.29,4,3.75,279024,28408.96,14581.69,27902.4,23512.04,270319,260596.94812824228,270600.21,-10003.261871757742,-0.036966940534738466,0.05225962641206491,0.08426529617523941,-9722.051871757722,0
390,Male,HR,5,Contract,0.83,21.2,5,4.32,341560,39043.69,53684.87,34156.0,8624.58,338671,396344.1026108429,391507.98,4836.1226108429255,0.012352551819870761,0.1571755182105633,0.02525055627122614,57673.10261084291,0
391,Female,HR,3,Part-time,0.87,16.56,0,2.8,170820,24484.1,25530.61,17082.0,31689.77,167046,166867.95569342864,172062.94000000003,-5194.984306571394,-0.030192348837997266,0.14945913827420676,0.1855155719470788,-178.04430657136254,0
392,Male,Sales,2,Contract,0.85,18.86,4,4.8,146122,35454.94,28388.68,14612.2,12315.43,142823,193608.4222581841,183037.99,10570.432258184097,0.05774993627379812,0.19428066957747636,0.08428183298887232,50785.42225818409,0
393,Female,HR,5,Part-time,0.95,6.28,2,3.91,312365,48037.6,66895.39,31236.5,19763.9,317643,376411.7745426914,376297.58999999997,114.1845426914515,0.00030344213124365615,0.21415776415411458,0.06327181342339891,58768.77454269142,0
394,Female,Finance,3,Part-time,0.81,0.97,4,2.59,236781,29901.48,63147.74,23678.1,1448.2117484900452,243075,281745.5746448268,304703.90825150994,-22958.333606683125,-0.07534637064035543,0.26669259780134386,0.006116249819411377,38670.57464482682,0
395,Female,IT,4,Part-time,0.99,14.54,1,3.59,248588,46489.27,44540.65,24858.8,38923.84,248841,268645.007613415,275835.28,-7190.272386585013,-0.02606726879384324,0.17917457801663797,0.15657972227138878,19804.007613415015,0
396,Female,IT,5,Full-time,0.97,23.66,5,4.73,273905,44623.84,67131.75,27390.5,28962.83,264436,318664.750994088,329307.25999999995,-10642.50900591194,-0.03231786935372133,0.24509136379401616,0.10574042094886914,54228.75099408801,0
397,Female,Operations,5,Contract,0.87,5.12,5,3.98,318415,40731.77,42314.54,31841.5,55374.1,318087,293411.99914698297,314245.71,-20833.71085301705,-0.06629751875695312,0.1328911640469199,0.17390543787195956,-24675.00085301703,0
398,Male,HR,3,Full-time,0.95,20.9,3,3.33,206010,42034.84,275446.80590043456,20601.0,28395.83,204062,250654.8451743719,474494.81590043457,-223839.97072606266,-0.47174376457894124,1.337055511385052,0.13783714382796952,46592.845174371905,0
399,Female,Operations,3,Part-time,0.79,21.9,3,3.85,221127,31482.04,34563.71,22112.7,5917.98,227202,261923.48186830667,259142.06999999998,2781.4118683066918,0.010733154475098127,0.15630705431720232,0.02676281051160645,34721.48186830667,0
400,Female,HR,3,Full-time,0.75,10.41,1,3.81,220809,23890.47,64756.55,22080.9,13403.67,228718,270073.6214870916,273971.45,-3897.828512908425,-0.014227133932781773,0.2932695225285201,0.06070255288507262,41355.62148709159,0
401,Female,HR,5,Contract,0.83,7.6,0,3.08,335840,33658.25,78027.79,33584.0,65163.77,326948,354213.256263652,348778.26999999996,5434.986263652041,0.015582926836732236,0.23233620176274414,0.19403218794664126,27265.256263652,0
402,Male,IT,1,Part-time,0.94,21.21,1,3.56,77608,11287.28,10191.78,7760.8,11507.08,75191,70628.82771873074,79819.18,-9190.352281269254,-0.11513964790504305,0.1313238325945779,0.14827182764663438,-4562.172281269261,0
403,Male,HR,1,Full-time,0.95,4.54,4,3.43,64942,15280.27,16344.17,6494.2,12811.4,67171,72480.75844246687,77260.84000000001,-4780.081557533136,-0.061869396676675216,0.25167333928736413,0.1972744910843522,5309.758442466875,0
404,Male,Operations,5,Part-time,0.9,16.53,5,2.7,329930,59939.88,75003.06,32993.0,140216.5396341312,320445,426723.51889358804,291663.4003658688,135060.11852771923,0.4630684493093646,0.22733022156214955,0.42498875408156633,106278.51889358804,1
405,Male,Operations,5,Part-time,0.95,14.59,0,4.88,252740,26882.27,404790.66130307346,25274.0,32421.41,260087,259744.07094178337,626717.5213030734,-366973.45036129,-0.5855484135791791,1.6016090104576777,0.1282796945477566,-342.9290582166286,0
406,Female,Operations,3,Full-time,0.94,2.56,4,3.78,229935,40545.26,32724.39,22993.5,43210.87,234044,229015.79498148474,237000.28000000003,-7984.48501851529,-0.03368977040244547,0.14232017744145084,0.18792645747711312,-5028.205018515262,0
407,Male,IT,1,Contract,0.96,17.43,1,4.29,57896,9799.33,16225.27,5789.6,8396.49,54185,75061.90401643568,69734.51,5327.39401643569,0.07639537463496468,0.2802485491225646,0.14502711759016165,20876.904016435685,0
408,Female,Finance,3,Part-time,0.82,20.18,0,2.99,186672,28337.05,24995.87,18667.2,36612.84,189976,188097.57288491563,184724.87999999998,3372.692884915654,0.01825792435169347,0.1339026206394103,0.1961346104397017,-1878.4271150843706,0
409,Female,Operations,2,Contract,0.96,17.53,1,4.32,119658,22054.28,34314.64,11965.8,53408.277904701376,112299,142245.71299088548,110652.84209529862,31592.870895586864,0.2855134156281122,0.2867726353440639,0.4463410545446303,29946.712990885484,0
410,Male,IT,4,Part-time,0.95,18.36,3,3.46,272440,28273.55,70766.11,27244.0,6008.73,278037,335130.1323802048,338226.93,-3096.797619795194,-0.009155975899953307,0.25974933930406696,0.022055241521068858,57093.1323802048,0
411,Male,IT,2,Full-time,0.93,24.26,3,3.59,155398,21016.96,35153.79,15539.8,25964.37,159616,174069.9057710497,170064.58000000002,4005.3257710496837,0.023551792919193893,0.22621777629055714,0.1670830383917425,14453.9057710497,0
412,Female,Operations,1,Contract,0.76,12.62,0,4.3,57528,13196.7,5454.45,5752.8,9434.63,54455,61389.909497447676,60991.719999999994,398.1894974476818,0.006528582854323207,0.09481382978723404,0.1640006605479071,6934.909497447676,0
413,Female,Finance,1,Full-time,0.89,9.91,5,2.83,59187,13600.84,5286.48,5918.7,4484.11,66981,73219.34129531194,67671.51,5547.831295311946,0.0819817866530826,0.08931826245628262,0.07576173821954145,6238.3412953119405,0
414,Male,HR,3,Full-time,0.92,19.92,1,3.13,207705,40238.92,283394.1701069881,20770.5,35291.05,202429,228820.13888064696,475276.5401069881,-246456.40122634114,-0.5185536849154433,1.3644070682313285,0.1699094870128307,26391.138880646962,0
415,Female,IT,3,Full-time,0.98,0.3,4,4.19,173637,18713.79,32507.39,17363.7,12462.6,182206,186796.90793454341,195031.87999999998,-8234.97206545656,-0.042223722939329515,0.18721464895154835,0.0717738730800463,4590.907934543415,0
416,Female,Operations,3,Part-time,0.91,8.35,5,4.33,163755,26312.01,10986.04,16375.5,26377.13,156324,147479.05771325174,158300.42,-10821.362286748277,-0.06835965619515272,0.06708827211382859,0.16107679154834967,-8844.942286748264,0
417,Female,IT,1,Part-time,0.82,10.82,1,4.21,77481,11611.96,4970.13,7748.1,6764.54,69971,80830.5958068223,79550.45,1280.1458068223,0.016092250978118918,0.0641464359004143,0.08730579109717221,10859.595806822297,0
418,Female,Operations,5,Contract,0.92,15.81,3,3.0,376735,61313.65,89563.08,37673.5,14409.03,377429,479543.4618893403,475529.19999999995,4014.261889340356,0.008441672749728842,0.2377349595869776,0.0382471233094881,102114.46188934031,0
419,Male,Finance,4,Part-time,0.82,6.91,1,3.58,246636,60932.73,16493.94,24663.6,27960.18,254757,269595.6842863539,271438.89,-1843.2057136461372,-0.006790499746171733,0.06687563859290614,0.1133661752542208,14838.684286353877,0
420,Female,Sales,2,Contract,0.93,17.61,4,3.56,143296,21777.93,21408.87,14329.6,9682.47,145750,155076.86484585353,162470.72999999998,-7393.86515414645,-0.04550890584504945,0.14940312360428762,0.06756971583296113,9326.864845853532,0
421,Male,Operations,3,Full-time,0.8,12.08,5,3.17,157224,22501.78,33675.65,15722.4,30554.4,149912,161350.72957330197,167124.63,-5773.900426698034,-0.03454847096264646,0.2141889915025696,0.1943367424820638,11438.729573301971,0
422,Female,HR,4,Contract,0.77,23.79,5,3.24,220220,25063.25,43991.4,22022.0,29125.59,222987,239541.6269771152,238127.06000000003,1414.5669771151734,0.005940387359232391,0.19976114794296612,0.1322567886658796,16554.6269771152,0
423,Female,Finance,1,Full-time,0.91,6.69,0,2.54,60101,14709.86,6774.78,6010.1,8515.39,64674,73610.37115003887,67060.15,6550.22115003888,0.0976768043322134,0.11272324919718474,0.14168466414868305,8936.371150038874,0
424,Female,Finance,1,Full-time,0.83,6.78,0,3.99,56140,12907.39,16094.41,5614.0,2193.0,60262,125173.7932134122,77334.8,47838.99321341219,0.6185959388711445,0.28668346989668686,0.039063056644104026,64911.793213412195,1
425,Female,Operations,5,Contract,0.79,23.62,3,4.34,266920,62045.31,26867.68,26692.0,33569.32,257780,303950.2116529716,295571.67,8378.541652971588,0.02834690365613047,0.1006581747340027,0.1257654728008392,46170.21165297157,0
426,Male,Finance,5,Full-time,0.85,0.38,4,3.96,347980,48009.14,56568.87,34798.0,66939.03,348610,360177.6999394222,350820.98,9356.719939422212,0.026670924696186107,0.1625635668716593,0.19236458991896085,11567.699939422193,0
427,Female,IT,3,Part-time,0.85,21.0,3,2.97,226593,45515.53,66675.38,22659.3,8687.75,219368,307248.44279300614,307436.86000000004,-188.41720699390862,-0.0006128647260901266,0.29425172004430855,0.03834076957364085,87880.44279300614,0
428,Male,Operations,5,Full-time,0.77,18.71,5,4.79,312375,51574.1,35822.51,31237.5,30672.91,307929,336466.3659367773,337861.2,-1394.83406322269,-0.0041284233384084644,0.11467790316126451,0.09819258903561424,28537.36593677732,0
429,Male,Finance,3,Part-time,0.93,0.23,3,3.97,164343,31552.83,34417.05,16434.3,10446.29,156416,199408.49183558926,203432.29,-4023.7981644107495,-0.01977954514699092,0.2094220623938957,0.06356394857097657,42992.49183558926,0
430,Male,Sales,3,Part-time,0.8,21.94,2,4.35,197601,20167.52,22149.9,19760.1,11578.07,190121,210688.14772264846,208580.24999999997,2107.897722648486,0.010105931518676798,0.11209406834985654,0.05859317513575336,20567.147722648457,0
431,Female,Finance,2,Contract,0.82,6.19,5,2.66,132492,22370.09,30894.93,13249.2,17119.52,141949,150747.87406903965,155388.3,-4640.425930960337,-0.029863419131043567,0.2331833620143103,0.12921172599100322,8798.874069039652,0
432,Male,Sales,1,Full-time,0.99,20.96,2,4.51,50221,11221.76,14221.46,5022.1,5924.36,53187,66632.996004283,64717.759999999995,1915.2360042830114,0.029593669562775527,0.28317755520598953,0.11796579120288325,13445.996004283006,0
433,Female,Operations,4,Part-time,0.8,15.42,3,4.36,243872,51380.81,43985.3,24387.2,7882.57,247982,312434.9719424885,306968.33999999997,5466.631942488544,0.01780845523837587,0.1803622392074531,0.03232257085684293,64452.97194248851,0
434,Male,Finance,3,Contract,0.9,13.46,5,3.17,169743,26355.54,46481.83,16974.3,23757.8,175439,200173.75944336512,201848.27000000002,-1674.5105566348939,-0.008295887582464263,0.2738365057763796,0.13996335636815657,24734.759443365125,0
435,Female,HR,4,Part-time,0.95,11.36,2,4.08,296320,40672.15,67076.54,29632.0,28733.63,302409,361643.18282534496,345703.06,15940.122825344966,0.0461092905146543,0.22636521328293735,0.09696824379049676,59234.182825344964,0
436,Male,Finance,4,Part-time,0.98,1.6,3,4.56,247840,35653.63,39897.25,24784.0,5934.38,241571,286539.2472977332,292672.5,-6133.252702266793,-0.020956026624526707,0.16097986604260814,0.023944399612653326,44968.24729773321,0
437,Male,Operations,5,Full-time,0.83,12.57,5,2.64,375765,65256.99,105882.18,37576.5,14643.85,383790,490738.83742080175,494683.81999999995,-3944.9825791982003,-0.007974755631179125,0.28177765358668316,0.03897076630340771,106948.83742080175,0
438,Male,Sales,2,Part-time,0.91,6.51,2,2.9,154478,19165.99,10446.26,15447.8,8251.66,146744,171939.84602775052,160390.79,11549.056027750514,0.07200573067662122,0.06762296249304107,0.05341640880902135,25195.846027750522,0
439,Female,Sales,2,Contract,0.92,22.04,2,4.54,115860,23492.95,8991.66,11586.0,8348.15,114139,119729.25578753764,128410.46000000002,-8681.204212462384,-0.06760511731258016,0.07760797514241326,0.07205377179354393,5590.255787537637,0
440,Male,Sales,4,Full-time,0.88,13.39,3,3.39,278372,42609.95,71580.27,27837.2,45116.51,284075,313005.2257601684,319608.51,-6603.284239831613,-0.020660539482605184,0.25713890046412713,0.16207273001594988,28930.225760168396,0
441,Female,Operations,5,Contract,0.83,22.84,3,4.88,339070,50525.29,46997.22,33907.0,37641.57,330274,363205.54295539844,365043.94,-1838.3970446015592,-0.005036097968374873,0.1386062464977733,0.11101415636889138,32931.54295539844,0
442,Female,Operations,5,Contract,0.89,12.58,0,2.98,267915,61304.98,58736.4,26791.5,45766.18,266049,308587.4485259175,315398.7,-6811.251474082528,-0.021595686583624246,0.21923520519567774,0.1708235074557229,42538.44852591748,0
443,Female,HR,5,Full-time,0.96,18.71,4,3.6,355680,68141.89,32043.69,35568.0,50242.0,358774,374499.681170738,370055.58,4444.101170737995,0.012009280256598196,0.09009134615384615,0.1412561853351327,15725.681170738011,0
444,Female,Sales,1,Full-time,0.81,2.94,0,2.91,58478,5865.27,13431.51,5847.8,8878.84,55752,55698.64790811125,63048.14,-7349.492091888751,-0.11656953070921285,0.22968483874277507,0.15183214200212045,-53.3520918887516,0
445,Male,Sales,3,Part-time,0.88,4.03,3,2.71,225924,23240.65,20657.82,22592.4,40746.3,235210,200807.13116200658,206483.76999999996,-5676.638837993378,-0.027491937201618213,0.09143703192223934,0.18035401285388009,-34402.86883799342,0
446,Male,Finance,1,Part-time,0.78,5.56,0,3.8,59680,11408.6,6644.66,5968.0,401.8509819378685,63310,59883.44071459734,71363.40901806214,-11479.968303464804,-0.16086631036024657,0.11133813672922252,0.006733427981532649,-3426.5592854026618,0
447,Male,IT,2,Part-time,0.85,5.86,2,3.05,122482,29883.09,2081.503871686088,12248.2,14727.01,127402,137697.54350209632,127471.38387168608,10226.159630410242,0.08022317887992801,0.01699436547154756,0.12023815744354273,10295.54350209632,0
448,Male,Operations,4,Part-time,0.89,17.41,3,4.26,212792,26759.46,37244.6,21279.2,20034.89,217149,220442.5749188876,235481.96999999997,-15039.395081112365,-0.06386643988545011,0.17502819654874244,0.09415245873905034,3293.574918887607,0
449,Female,Finance,1,Part-time,0.97,15.79,0,3.83,76548,8979.78,15417.49,7654.8,3145.87,70319,82981.82942109581,90144.6,-7162.770578904194,-0.07945867615923964,0.20140944244134398,0.04109669749699535,12662.829421095812,1
450,Male,Finance,1,Contract,0.92,5.16,1,3.48,74264,17403.86,7506.54,7426.4,8273.37,72256,80209.82328671824,83474.63,-3264.806713281767,-0.03911136489352234,0.10107912312829904,0.11140485295701821,7953.823286718238,0
451,Male,Operations,2,Part-time,0.85,0.45,4,4.48,127942,14119.28,21566.38,12794.2,15471.01,133082,147075.86791001947,135362.44999999998,11713.417910019489,0.0865337315482949,0.16856372418752247,0.12092205843272733,13993.867910019471,0
452,Male,Sales,2,Full-time,0.81,0.25,5,4.31,143076,25803.54,37060.89,14307.6,24015.29,147236,175592.41018772643,167617.53999999998,7974.870187726454,0.04757777848145519,0.25902939696385135,0.1678498839777461,28356.410187726433,0
453,Female,IT,5,Full-time,0.96,12.13,3,3.33,347025,75906.07,56503.83,34702.5,18399.13,351100,419932.96148481884,426333.27,-6400.308515181183,-0.01501245379039075,0.16282351415604063,0.05301960953821771,68832.96148481884,0
454,Female,IT,2,Full-time,0.85,20.09,2,4.75,149304,19487.29,9965.06,14930.4,26564.63,141354,136753.12340307716,137261.32,-508.1965969228477,-0.0037024020818308295,0.06674342281519584,0.17792309650109844,-4600.876596922841,0
455,Male,Operations,2,Part-time,0.85,13.54,2,4.92,112914,12418.81,23946.74,11291.4,3764.44,117907,143824.34165141487,134223.71,9600.631651414878,0.07152709198259294,0.21207945870308378,0.03333900136386985,25917.34165141487,0
456,Male,Finance,4,Contract,0.86,24.93,5,3.9,241076,35721.27,25319.69,24107.6,20031.9,250637,254042.2404199504,257977.46000000005,-3935.2195800496556,-0.015254121736254225,0.10502783354626756,0.0830937131858833,3405.2404199503944,0
457,Female,Operations,4,Contract,0.84,1.72,0,3.42,245600,41662.55,56656.1,24560.0,33944.7,247133,290626.125930716,285413.94999999995,5212.175930716039,0.01826181211785913,0.23068444625407167,0.13821131921824104,43493.12593071599,0
458,Female,Operations,2,Contract,0.87,0.13,5,4.51,152468,32921.11,28527.49,15246.8,4873.4,152214,184694.91463660146,193796.4,-9101.485363398533,-0.046964161168104944,0.1871047695254086,0.03196342839153134,32480.91463660146,0
459,Male,HR,3,Full-time,0.94,14.59,1,4.45,180018,38301.0,45139.61,18001.8,20385.5,173850,228349.41236767598,225071.31,3278.1023676759796,0.014564727808604214,0.25075053605750536,0.11324145363241454,54499.41236767598,0
460,Male,Finance,2,Contract,0.91,18.56,3,2.92,127408,16467.01,34731.72,12740.8,19747.73,136951,139229.49671861145,146118.2,-6888.70328138856,-0.047144731329762886,0.2726023483611704,0.15499599711164133,2278.496718611452,0
461,Male,Operations,4,Part-time,0.98,18.97,1,3.99,263788,52261.65,71824.72,26378.8,32758.57,271396,320476.8087717797,328737.0,-8260.191228220297,-0.025127050585179937,0.27228198401746856,0.12418521691661485,49080.8087717797,0
462,Male,Operations,2,Part-time,0.87,17.91,2,3.18,109194,14232.14,14026.7,10919.4,6930.56,105324,122786.29639957448,119602.88,3183.416399574475,0.026616553042656452,0.1284566917596205,0.06347015403776765,17462.29639957448,0
463,Female,Sales,5,Full-time,0.8,10.62,2,4.77,251570,44291.15,24397.28,25157.0,8516.88,257449,279322.5005588247,286584.55000000005,-7262.049441175361,-0.025339989337092177,0.09698008506578686,0.03385491115792821,21873.500558824686,0
464,Male,HR,4,Contract,0.96,16.49,4,4.49,285596,40209.61,63713.53,28559.6,19286.63,291815,353827.1813891342,341672.91000000003,12154.27138913417,0.035572827208145266,0.22308971414165465,0.0675311629014412,62012.1813891342,0
465,Female,Sales,4,Contract,0.98,15.91,3,3.31,264052,37079.97,25806.24,26405.2,38296.88,259532,265941.78033679293,262236.12999999995,3705.6503367929836,0.014130967905883085,0.09773165891566814,0.14503537182070197,6409.78033679293,0
466,Male,Operations,1,Full-time,0.82,16.55,2,4.54,51071,11067.28,534.1778614428891,5107.1,2747.11,50077,55614.87754831803,54818.24786144289,796.6296868751378,0.014532199002213229,0.010459514429772065,0.05379001781833134,5537.877548318029,0
467,Male,Operations,3,Full-time,0.77,17.47,3,3.42,205605,33894.38,11881.35,20560.5,13718.74,211835,219898.69037839756,217101.49000000002,2797.200378397538,0.012884298391492096,0.05778726198292843,0.06672376644536855,8063.690378397558,0
468,Male,Operations,1,Part-time,0.76,16.67,4,3.31,76977,18065.57,20940.02,7697.7,6046.72,78998,89719.74782910357,102238.17000000001,-12518.422170896447,-0.12244372303315333,0.2720295672733414,0.07855229484131625,10721.747829103566,0
469,Male,Sales,5,Full-time,0.98,24.9,3,4.56,266775,60486.08,29946.08,26677.5,33028.46,264886,303555.50943989586,297501.2,6054.309439895849,0.020350537879833253,0.11225219754474745,0.12380642863836566,38669.50943989586,0
470,Female,IT,4,Part-time,0.96,24.94,2,3.1,313008,33195.32,47826.96,31300.8,13589.09,305858,354040.1403521088,349140.39,4899.750352108793,0.014033754021151184,0.1527978837601595,0.043414513367070494,48182.14035210881,0
471,Female,IT,2,Full-time,0.76,9.01,5,4.46,138530,25617.95,17758.78,13853.0,19086.88,140019,153943.4099224484,148966.85,4976.5599224483885,0.03340716355651199,0.1281944705118025,0.13778156356023966,13924.409922448394,0
472,Female,HR,5,Full-time,0.94,0.97,1,4.59,383285,73946.76,73149.5,38328.5,50758.64,380066,451925.5865562833,441294.12,10631.466556283296,0.02409156631473652,0.19084884615886352,0.1324305412421566,71859.58655628329,0
473,Male,Operations,3,Contract,0.97,14.67,2,3.95,208671,51876.0,49910.46,20867.1,20786.32,216325,262256.610672464,268804.04000000004,-6547.429327536025,-0.024357629920800386,0.23918254093764826,0.09961288343852284,45931.61067246401,1
474,Male,Finance,3,Part-time,0.81,14.92,4,4.82,176280,42196.31,23881.77,17628.0,20269.02,183136,216720.00179742492,204461.06,12258.941797424923,0.05995734247599481,0.13547634445200818,0.11498196051735875,33584.00179742492,0
475,Male,HR,4,Full-time,0.8,24.89,2,4.95,313644,61921.59,78757.11,31364.4,46644.52,307801,371574.93235478346,376313.7799999999,-4738.847645216447,-0.01259280923812157,0.25110351226231015,0.14871803701011338,63773.932354783465,0
476,Male,HR,2,Contract,0.86,16.87,2,4.19,154294,24064.99,44039.06,15429.4,7733.87,152405,200223.16156764465,199234.78,988.3815676446538,0.004960888694457132,0.28542302357836336,0.050124243327673144,47818.16156764465,0
477,Female,Sales,2,Contract,0.88,17.27,5,4.24,117610,23203.96,186.8166007019069,11761.0,5659.06,121183,147215.5561052379,123580.71660070191,23634.83950453598,0.19125022215967422,0.0015884414650276925,0.04811716690757589,26032.55610523789,0
478,Female,Sales,1,Contract,0.79,17.63,0,3.64,63200,12650.37,16390.4,6320.0,540.2080776774548,70095,96206.05422966807,85380.56192232254,10825.492307345528,0.12679106419086744,0.25934177215189874,0.008547596165782512,26111.054229668065,0
479,Female,Finance,4,Part-time,0.75,19.48,2,4.02,276276,56621.64,71704.33,27627.6,45449.05,266357,331873.4373491478,331525.32000000007,348.1173491477384,0.0010500475473418994,0.2595387583431062,0.16450596504944331,65516.4373491478,0
480,Male,Sales,3,Full-time,0.87,10.05,4,2.88,189096,35151.26,22550.29,18909.6,35140.72,186233,197212.34611614805,192747.23,4465.116116148041,0.02316565647219958,0.1192531306849431,0.18583534289461437,10979.346116148052,1
481,Female,HR,4,Part-time,0.9,14.82,2,3.39,308572,33263.57,17877.41,30857.2,29684.73,307864,300731.249872225,299171.05,1560.1998722249991,0.0052150763659284515,0.05793594363714141,0.09620033574011899,-7132.7501277750125,1
482,Female,Operations,5,Full-time,0.97,22.07,4,4.15,389660,51312.29,103551.84,38966.0,69942.73,395563,429549.1434488993,435615.4,-6066.256551100698,-0.013925716471687406,0.26574921726633477,0.1794968177385413,33986.143448899325,0
483,Female,IT,1,Full-time,0.8,18.44,5,3.22,75686,16680.9,22653.54,7568.6,1922.78,80745,107554.38190430385,105529.06,2025.3219043038553,0.019192077559525834,0.29930951563036756,0.025404698359009593,26809.381904303853,0
484,Male,IT,2,Part-time,0.99,11.63,3,4.62,100044,10940.72,1853.7028398515213,10004.4,3207.71,104062,117723.22210089964,99626.31283985153,18096.909261048117,0.18164788744253488,0.0185288756932102,0.032062992283395306,13661.222100899642,0
485,Male,HR,3,Full-time,0.99,20.42,2,4.63,159174,38312.35,11345.27,15917.4,14231.36,160984,177268.66669507374,178682.86,-1414.1933049262443,-0.007914543705681924,0.07127589933029264,0.08940756656237828,16284.666695073742,0
486,Female,IT,3,Contract,0.82,2.52,5,2.92,166269,20300.0,48761.58,16626.9,26049.81,157965,180264.92360909004,192653.87000000002,-12388.946390909987,-0.06430676108873383,0.2932692203597784,0.15667268101690635,22299.923609090038,0
487,Female,Finance,2,Part-time,0.99,10.99,5,3.2,105976,23287.59,13942.57,10597.6,7830.46,99094,120880.47663044058,124778.09999999999,-3897.623369559413,-0.03123643788100166,0.13156346720012077,0.07388899373443043,21786.47663044058,0
488,Male,HR,4,Full-time,0.81,8.88,1,4.18,277812,30388.39,28510.94,27781.2,46012.41,275223,260102.3494574679,262917.72,-2815.370542532066,-0.010708181032956114,0.10262674038558449,0.16562427108980174,-15120.650542532094,0
489,Female,IT,1,Contract,0.79,8.57,2,4.66,76775,9461.66,5426.78,7677.5,8231.57,70726,80339.3925059296,75754.37,4585.022505929606,0.060524858248172435,0.07068420709866492,0.10721680234451318,9613.392505929602,0
490,Female,HR,4,Full-time,0.95,3.43,1,3.95,250208,43993.15,21522.82,25020.8,33107.45,243135,243308.78806452715,257595.72000000003,-14286.93193547288,-0.05546261380225136,0.08601971159994884,0.13231971000127893,173.7880645271507,0
491,Male,IT,3,Part-time,0.82,12.2,2,2.71,163479,27617.75,20699.04,16347.9,27469.15,166020,167044.61267363804,167978.74000000002,-934.1273263619805,-0.005560985434001829,0.12661589561962086,0.16802861529615426,1024.6126736380393,0
492,Male,HR,1,Contract,0.86,18.13,4,3.94,50277,10059.52,12280.78,5027.7,8808.36,60275,53696.77726876478,58781.240000000005,-5084.462731235224,-0.08649805161026246,0.24426238637945782,0.1751966107762993,-6578.222731235219,0
493,Male,Sales,3,Contract,0.83,13.45,1,4.6,211740,52599.96,57673.7,21174.0,18392.61,206700,282055.8725322072,282447.05000000005,-391.1774677928188,-0.0013849585888499056,0.2723798054217436,0.08686412581467838,75355.87253220723,0
494,Female,Operations,4,Full-time,0.94,12.31,0,3.71,317516,71674.34,44563.67,31751.6,55490.06,310808,335270.8312255714,346512.35,-11241.51877442858,-0.03244189932748019,0.1403509429446075,0.17476303556356215,24462.831225571397,0
495,Male,IT,5,Contract,0.85,8.21,3,3.63,307595,65938.23,25069.15,30759.5,17027.06,311665,366048.91271658405,350815.82,15233.09271658404,0.043421909298685675,0.08150051203693169,0.05535545116142981,54383.91271658405,0
496,Female,HR,2,Part-time,0.87,16.12,5,3.07,105520,19299.54,15093.93,10552.0,14677.84,103651,127691.30132289651,114683.63,13007.671322896509,0.11342221486097456,0.1430433093252464,0.13910007581501138,24040.301322896514,0
497,Female,IT,3,Full-time,0.79,14.27,4,2.96,209661,29729.19,21946.78,20966.1,11093.33,216357,224891.3896405994,229277.54,-4386.150359400606,-0.019130309752104835,0.10467745551151621,0.052910794091414234,8534.389640599402,0
498,Male,Sales,3,Contract,0.98,24.25,0,3.93,227049,27575.14,32612.65,22704.9,37143.36,224891,234055.2012942425,227388.53000000003,6666.671294242464,0.029318415024022815,0.14363705631823967,0.16359182379134019,9164.201294242492,0
499,Female,Sales,1,Full-time,0.84,2.18,3,3.89,70908,16079.67,876.9770570936126,7090.8,3653.33,80369,85079.9928013086,77120.5170570936,7959.475744215,0.10320827774433187,0.012367815438224357,0.05152211316071529,4710.992801308603,1
500,Male,Operations,1,Part-time,0.8,21.85,2,3.12,54324,7577.5,2725.07,5432.4,9600.16,56999,55044.88608354358,49594.009999999995,5450.876083543582,0.10990996863418753,0.05016327958176865,0.17672041823135262,-1954.1139164564229,0
501,Female,Finance,5,Contract,0.95,15.68,1,4.38,374965,46048.43,61712.08,37496.5,31204.4,380399,413776.13853703276,414024.61,-248.4714629672235,-0.000600136941055807,0.16458090755137147,0.0832195004867121,33377.13853703276,0
502,Male,IT,5,Full-time,0.98,1.0,0,3.23,292955,38415.52,32089.31,29295.5,53762.58,290024,273124.28266414534,280401.75,-7277.467335854657,-0.02595371582329517,0.10953665238688537,0.18351821952176955,-16899.717335854657,0
503,Male,IT,4,Contract,0.87,11.66,2,4.4,282388,34782.81,48518.87,28238.8,27503.84,288806,305737.0571478606,309947.04,-4209.982852139394,-0.013582910332485815,0.17181633072226865,0.09739733983030441,16931.057147860585,0
504,Female,Sales,4,Full-time,0.96,4.27,5,2.58,270328,35323.02,36522.09,27032.8,30250.93,277945,295996.0822256676,284889.38,11106.7022256676,0.03898601704867903,0.13510287502589446,0.11190453819064249,18051.082225667604,0
505,Male,Finance,1,Part-time,0.9,22.77,0,3.77,66754,11694.72,4176.18,6675.4,1754.57,63412,57522.02648401129,74194.93,-16672.903515988706,-0.2247175584098362,0.06256074542349523,0.026284117805674564,-5889.973515988713,0
506,Male,Operations,3,Part-time,0.96,4.02,4,2.56,212352,35538.34,23224.86,21235.2,6143.47,204518,257534.10319808888,243736.53,13797.573198088881,0.05660855678091783,0.10936963155515371,0.028930596368294155,53016.10319808888,0
507,Female,Sales,2,Full-time,0.93,2.79,1,4.02,105650,15018.94,9864.96,10565.0,9334.73,109887,107034.06713603348,110634.17,-3600.1028639665165,-0.032540605347936506,0.09337397065783246,0.08835522953147183,-2852.932863966518,0
508,Male,Sales,5,Contract,0.94,3.14,0,4.43,300670,40752.81,65951.45,30067.0,36633.84,296425,350730.6137349006,340673.42000000004,10057.19373490056,0.02952150988151808,0.21934828882163168,0.12184068912761498,54305.6137349006,0
509,Male,IT,2,Contract,0.98,9.68,0,2.67,110736,11391.78,28427.55,11073.6,12674.0,117002,121057.07089913014,126807.72999999998,-5750.659100869845,-0.04534943651203161,0.2567146185522323,0.11445239127293744,4055.0708991301362,0
510,Female,Operations,5,Contract,0.84,0.75,2,4.9,277355,55520.98,78575.02,27735.5,18801.72,279540,370873.82250301825,364913.78,5960.042503018223,0.016332741676727644,0.2833012565124119,0.06778936741720899,91333.82250301825,0
511,Male,Finance,1,Full-time,0.9,16.96,2,3.29,76447,17370.01,21924.26,7644.7,13704.95,80515,87277.6933741734,94391.62,-7113.9266258266,-0.07536608255930559,0.2867903253234267,0.1792738760186796,6762.693374173396,0
512,Female,Operations,1,Part-time,0.82,24.08,5,2.53,68895,14289.34,15608.96,6889.5,9099.94,61420,90446.26446590202,82803.85999999999,7642.404465902029,0.09229526819042047,0.22656157921474707,0.1320841860802671,29026.264465902015,0
513,Female,Sales,5,Part-time,1.0,7.8,0,3.35,331855,37114.97,53328.94,33185.5,22230.55,340430,374855.42408463557,366882.86,7972.564084635582,0.02173054387069372,0.16069952238176313,0.06698874508444953,34425.42408463557,0
514,Male,Finance,2,Part-time,0.98,4.64,0,3.43,158606,37953.56,10381.1,15860.6,5808.93,167411,181539.1669661744,185271.13,-3731.9630338255956,-0.020143251859183864,0.06545212665346835,0.036624907002257165,14128.166966174409,0
515,Male,HR,5,Full-time,0.79,14.88,0,2.88,390685,95800.44,63165.42,39068.5,43082.1,381087,466005.0907347041,467500.26,-1495.1692652959027,-0.0031982212486810226,0.161678641360687,0.11027323803063849,84918.0907347041,0
516,Male,IT,4,Part-time,0.92,18.78,3,4.38,219668,41008.43,60648.13,21966.8,36713.86,215532,249600.1140502789,262643.9,-13043.785949721118,-0.04966338814539807,0.27608996303512573,0.1671334013147113,34068.114050278906,0
517,Male,Operations,4,Full-time,0.94,1.39,2,2.52,232540,30664.37,50200.94,23254.0,21862.38,236179,275746.4625140831,268288.93,7457.532514083083,0.02779664637703495,0.2158808807086953,0.09401556721424272,39567.462514083076,0
518,Female,Finance,1,Contract,0.97,22.73,2,3.28,53912,10979.63,6356.67,5391.2,2927.95,60362,61036.70770224844,62929.15000000001,-1892.4422977515715,-0.030072586357063003,0.11790825790176584,0.05430980115744175,674.7077022484373,0
519,Male,HR,2,Contract,0.8,8.55,0,3.57,126274,28366.49,10098.48,12627.4,19229.84,118532,118316.90359561188,132881.73,-14564.826404388135,-0.10960744117636137,0.07997275765399052,0.15228661482173686,-215.09640438812494,0
520,Female,Finance,3,Part-time,0.87,7.5,0,3.99,204369,33736.54,18618.3,20436.9,8376.05,209335,230071.3488671314,227910.89,2160.458867131383,0.009479401651809542,0.09110139013255435,0.04098493411427369,20736.348867131397,0
521,Male,Finance,2,Part-time,0.89,22.56,4,3.36,151412,31788.95,32502.91,15141.2,28416.99,151370,174257.83065066938,172145.67,2112.1606506693643,0.01226961241993112,0.214665350170396,0.1876799064803318,22887.830650669377,0
522,Male,Sales,3,Contract,0.91,22.46,3,3.5,225948,33670.59,11908.09,22594.8,38135.32,222351,220975.38800085415,210796.56,10178.828000854148,0.048287448338123484,0.05270279002248305,0.16877918813178253,-1375.6119991458545,0
523,Male,HR,1,Part-time,0.95,2.61,0,3.94,57634,9774.57,4592.12,5763.4,11325.21,65379,67043.23244202859,54912.08000000001,12131.152442028579,0.22091955799213173,0.07967727383141895,0.19650223826213692,1664.2324420285877,0
524,Female,IT,3,Full-time,0.76,16.47,5,3.83,186987,21595.08,17414.28,18698.7,22856.43,187063,189258.1765631399,184441.23,4816.946563139878,0.026116430491923512,0.09313096632386209,0.12223539604357522,2195.1765631398885,0
525,Male,HR,5,Full-time,0.82,23.46,3,4.55,330610,81837.57,37992.94,33061.0,64320.26,322572,337796.78953698085,353059.25,-15262.460463019146,-0.04322917601796057,0.11491769758930463,0.19455025558815522,15224.789536980854,0
526,Male,Finance,1,Full-time,0.76,1.32,1,4.23,79402,13394.27,8466.67,7940.2,10363.12,86433,76076.53991376399,82959.62000000001,-6883.080086236019,-0.08296904067588567,0.10663043752046548,0.1305145966096572,-10356.46008623601,0
527,Female,Finance,4,Contract,0.81,14.44,0,3.4,276120,61721.89,70458.66,27612.0,29247.48,269251,341143.7614513261,351441.07000000007,-10297.308548673987,-0.02930024242378384,0.25517405475880056,0.10592307692307693,71892.76145132608,0
528,Male,Sales,1,Contract,0.95,8.2,4,3.02,52040,5865.08,8673.68,5204.0,5557.03,56293,44640.78451909608,55817.73000000001,-11176.94548090393,-0.20024005778995185,0.16667332820906997,0.1067838201383551,-11652.21548090392,0
529,Male,HR,3,Part-time,0.96,5.53,2,3.45,228723,50607.45,58531.57,22872.3,20408.95,231599,279622.83640243666,294580.77,-14957.933597563358,-0.05077701982231684,0.25590592113604665,0.08922998561578853,48023.83640243666,0
530,Female,Finance,4,Part-time,0.98,2.97,1,4.83,209788,42498.85,38368.76,20978.8,5429.03,206430,261139.6137985359,264247.77999999997,-3108.166201464075,-0.011762317176189996,0.18289301580643316,0.02587864892176864,54709.613798535895,0
531,Male,Operations,1,Full-time,0.87,10.19,0,2.9,55386,10991.99,16216.34,5538.6,6712.45,60117,67602.88639313787,70343.28,-2740.393606862126,-0.038957432847346984,0.29278770808507565,0.1211939840392879,7485.886393137873,0
532,Female,Finance,4,Full-time,0.85,2.91,4,4.03,246960,59461.13,53206.16,24696.0,8353.31,243763,327941.6901679726,326577.98000000004,1363.7101679725456,0.004175756638498852,0.21544444444444447,0.033824546485260766,84178.69016797259,0
533,Female,Finance,4,Part-time,0.84,13.77,0,3.51,211848,47675.67,53739.01,21184.8,27567.69,207012,253536.8004221563,264510.19,-10973.389577843715,-0.0414856969322948,0.25366777123220424,0.1301295740342132,46524.80042215629,0
534,Female,Operations,1,Full-time,0.78,8.87,2,3.53,54860,11047.35,11769.66,5486.0,1789.5,47848,64725.981980579636,70401.51000000001,-5675.528019420373,-0.08061656659665925,0.21453991979584397,0.03261939482318629,16877.981980579636,0
535,Male,Finance,4,Contract,0.85,4.54,0,2.89,288756,64708.87,17463.62,28875.6,27562.6,288548,302374.5275265539,314490.29000000004,-12115.762473446142,-0.03852507647675272,0.06047881256147058,0.0954529083378354,13826.527526553895,0
536,Female,HR,1,Part-time,0.88,18.29,3,4.9,68217,9077.42,18524.02,6821.7,12836.72,76243,78732.76569071392,76160.02,2572.745690713913,0.03378079063941833,0.2715455091839278,0.1881747951390416,2489.765690713917,0
537,Male,IT,4,Full-time,0.98,15.89,1,4.07,215916,34650.54,51409.49,21591.6,24967.0,206307,249553.16603580813,255417.43000000005,-5864.263964191923,-0.022959529285812335,0.2380994923951907,0.11563293132514496,43246.16603580813,0
538,Male,HR,2,Full-time,0.93,20.61,3,2.87,124394,27981.12,23022.11,12439.4,21400.73,117147,156101.5953804626,141557.09999999998,14544.495380462613,0.10274649156038528,0.18507411933051435,0.17203988938373233,38954.59538046259,0
539,Female,IT,1,Full-time,0.86,9.48,1,4.79,79572,10955.11,20772.52,7957.2,8524.05,84102,79209.56508769101,94818.38,-15608.814912308997,-0.16461802988311966,0.2610531342683356,0.10712373699291207,-4892.434912308992,0
540,Male,IT,3,Full-time,0.89,8.13,0,2.6,195315,27500.31,10077.23,19531.5,38302.03,186974,176207.71349204128,175059.01,1148.7034920412698,0.006561807313095565,0.051594757187108,0.19610388347029156,-10766.28650795872,0
541,Male,Operations,4,Contract,0.99,9.88,3,4.32,265028,40250.04,57716.02,26502.8,43723.63,255994,291731.4920250925,292767.63,-1036.1379749075277,-0.003539113852537344,0.21777329187859396,0.16497739861448601,35737.49202509248,0
542,Female,Sales,2,Part-time,0.95,6.65,1,4.98,159526,16569.24,32045.93,15952.6,22128.02,155658,174699.40828236105,170060.55,4638.858282361063,0.027277685991025334,0.20088217594624075,0.13871105650489576,19041.40828236105,0
543,Female,Finance,4,Full-time,0.92,3.01,0,4.85,280492,35672.27,57693.94,28049.2,16852.43,278545,332561.40730290033,328956.58,3604.8273029003176,0.010958368131442506,0.20568836187841366,0.06008167790881736,54016.407302900334,0
544,Female,Sales,4,Contract,0.85,4.01,3,2.93,207992,33844.82,49776.8,20799.2,37778.34,200866,218077.54928374267,233036.08,-14958.530716257315,-0.06418976287387479,0.23932074310550408,0.18163362052386628,17211.549283742672,1
545,Female,Sales,2,Part-time,0.77,9.83,1,2.75,142116,14565.31,30616.0,14211.6,18253.51,149345,150963.70812922769,154832.19999999998,-3868.4918707722973,-0.02498506041231926,0.21542964901911116,0.12844092150074585,1618.7081292276853,0
546,Male,Operations,1,Part-time,0.76,20.87,5,4.94,61767,7431.74,6662.73,6176.7,10890.37,67485,53897.06466276143,58794.4,-4897.335337238568,-0.08329594888694447,0.10786876487444752,0.17631372739488724,-13587.935337238567,0
547,Female,Finance,5,Contract,0.98,10.49,2,2.63,313630,33216.17,60683.47,31363.0,28452.86,312491,348295.22419463476,347713.78,581.444194634736,0.0016721919811022042,0.19348745336861908,0.09072110448617798,35804.224194634764,0
548,Male,IT,3,Contract,0.75,19.68,1,3.27,152880,16211.2,30130.82,15288.0,14001.24,152085,166640.83484350258,169932.78000000003,-3291.9451564974443,-0.019372043207304932,0.1970880429094715,0.09158320251177395,14555.834843502584,0
549,Male,Sales,5,Part-time,0.99,13.6,4,3.19,288135,59475.63,33963.34,28813.5,52660.65,283365,306873.9862017319,300099.81999999995,6774.166201731947,0.022573043201865126,0.11787301091502246,0.1827638086313707,23508.986201731896,0
550,Male,HR,2,Part-time,0.76,10.65,4,4.58,153496,33899.18,16282.8,15349.6,9316.32,145328,161994.24063718802,179012.05999999997,-17017.819362811948,-0.09506521159977686,0.10607963725439098,0.060694220044822014,16666.24063718802,0
551,Male,Operations,4,Part-time,0.95,23.26,1,2.74,223080,37367.86,29973.83,22308.0,39423.57,220831,205434.21424542688,228690.12,-23255.90575457312,-0.10169178167632742,0.13436359153666846,0.17672391070467994,-15396.785754573124,0
552,Female,Finance,5,Full-time,0.83,9.86,5,3.82,364775,45306.92,70401.2,36477.5,60179.78,366298,380827.2635470255,383825.83999999997,-2998.576452974463,-0.0078123360662076926,0.192998971969022,0.1649778082379549,14529.263547025505,1
553,Male,Operations,2,Part-time,0.94,3.85,4,2.87,120254,16862.76,16867.87,12025.4,11246.4,116006,127593.44034752445,130712.83000000002,-3119.389652475569,-0.02386444890280142,0.14026868129126682,0.09352204500473997,11587.440347524447,0
554,Female,IT,1,Full-time,0.76,9.8,1,4.24,69715,8994.3,14666.37,6971.5,4654.81,66884,83013.78791936106,81749.36,1264.4279193610564,0.015467129276132027,0.21037610270386575,0.06676913146381698,16129.787919361057,0
555,Male,Operations,4,Full-time,0.97,22.39,2,3.24,280492,37725.91,42866.47,28049.2,17753.93,277093,323083.74966782384,315281.25,7802.4996678238385,0.024747744015300114,0.1528259986024557,0.06329567331688604,45990.74966782384,0
556,Male,Finance,2,Part-time,0.92,20.61,0,3.49,101436,12522.03,23785.5,10143.6,8610.44,96276,123114.51470755164,118989.48999999999,4125.024707551653,0.03466713495075618,0.23448775582633385,0.08488544500966128,26838.514707551643,0
557,Male,IT,5,Part-time,0.92,6.77,0,2.7,311205,77454.96,27712.92,31120.5,61592.38,314167,330803.6309608701,323660.0,7143.630960870127,0.022071405057375416,0.08905036872800887,0.1979157789881268,16636.630960870127,0
558,Male,Finance,3,Part-time,0.97,7.24,1,3.67,165483,31923.08,25285.41,16548.3,16043.17,169798,204736.9816137287,190100.02000000002,14636.961613728694,0.0769961077001922,0.1527976287594496,0.09694754143930193,34938.98161372871,0
559,Female,Finance,2,Contract,0.83,14.11,4,4.63,145452,18942.11,41251.39,14545.2,20950.29,147144,171928.3288464068,170150.00999999998,1778.3188464068226,0.01045147659060862,0.2836082693947144,0.1440357643758766,24784.328846406803,0
560,Male,Operations,2,Part-time,0.94,0.41,2,4.55,148102,15701.9,40354.59,14810.2,29406.14,147752,170173.07650650712,159942.14999999997,10230.926506507152,0.06396641852386725,0.272478359508987,0.1985532943511904,22421.076506507117,0
561,Male,HR,1,Contract,0.82,5.26,4,4.41,62831,8667.78,16737.59,6283.1,2419.73,71426,86736.72870716051,79533.54,7203.188707160516,0.09056793784308502,0.266390635196002,0.03851172192070793,15310.72870716051,0
562,Male,HR,5,Part-time,0.83,16.91,4,3.99,286190,54511.33,63142.99,28619.0,35362.97,294721,343472.15255454805,339862.35,3609.8025545480778,0.01062136642834394,0.22063311087040077,0.12356465984136414,48751.152554548054,0
563,Male,Sales,2,Part-time,0.86,6.9,5,4.42,105098,14076.92,23446.16,10509.8,6516.07,102896,136559.4991519737,125595.20999999999,10964.289151973702,0.08729862509862998,0.22308854592856192,0.06199994291042646,33663.499151973694,0
564,Female,Finance,2,Contract,0.8,1.5,0,2.83,153848,29369.51,40363.81,15384.8,4323.04,154849,209435.10320067202,203873.48,5561.623200672009,0.027279777637935102,0.26236161666060004,0.028099422806926316,54586.10320067202,0
565,Female,IT,3,Full-time,0.93,8.53,1,3.7,218139,52206.97,855.3747026635506,21813.9,22634.24,210360,246341.94065052446,226753.20470266356,19588.7359478609,0.08638791223941983,0.003921236929955444,0.10376062969024338,35981.940650524455,0
566,Female,Finance,1,Contract,0.89,4.37,0,3.24,51577,10293.41,15025.7,5157.7,1499.6,54223,85530.16269711779,70238.81,15291.352697117793,0.21770517890490731,0.2913255908641449,0.029074975279678925,31307.16269711779,0
567,Female,Sales,2,Part-time,0.97,14.42,3,3.91,157786,27619.14,10626.65,15778.6,5708.36,160195,161196.03592897445,174544.83000000002,-13348.794071025564,-0.07647773967882958,0.06734849733182918,0.036177861153714526,1001.035928974452,0
568,Female,Operations,4,Full-time,0.98,10.16,3,2.86,303380,62862.71,37418.39,30338.0,34762.69,312321,347030.23823907104,338560.41000000003,8469.828239071008,0.02501718449322237,0.12333835453886215,0.11458464631814887,34709.23823907104,0
569,Male,HR,4,Full-time,0.92,22.51,0,4.48,238652,48077.44,52481.55,23865.2,45407.47,229309,262889.7733067096,269938.31999999995,-7048.546693290351,-0.026111693564997932,0.21990827648626454,0.19026645492181085,33580.7733067096,0
570,Female,Finance,1,Full-time,0.92,15.84,2,3.98,55574,5692.81,12903.98,5557.4,4347.86,57877,58567.76389080759,64265.53,-5697.766109192409,-0.08865975444678367,0.23219455140893222,0.07823550581207038,690.7638908075896,0
571,Male,IT,5,Full-time,0.92,13.91,2,3.36,347325,41743.76,25564.76,34732.5,58931.78,353143,322820.80738020455,320969.24,1851.567380204564,0.005768675466236465,0.0736047218023465,0.1696733031022817,-30322.192619795445,0
572,Male,Sales,2,Contract,0.78,10.05,3,4.32,110294,23930.83,8774.4,11029.4,422.81981355185957,102048,134935.25630180616,131547.01018644817,3388.2461153579934,0.0257569222634225,0.07955464485828785,0.003833570398678619,32887.25630180616,0
573,Male,Finance,2,Full-time,0.93,8.91,3,3.14,145690,14850.85,26963.56,14569.0,25234.55,153847,148337.6428990083,147700.86000000002,636.782899008278,0.004311301227415182,0.18507488502985792,0.1732071521724209,-5509.357100991707,0
574,Female,Finance,3,Full-time,0.88,2.13,0,3.87,154878,24315.36,31251.87,15487.8,13934.49,157752,185455.40216892725,181022.94,4432.462168927246,0.024485637946921237,0.20178379111300507,0.08997075117189013,27703.40216892725,0
575,Female,HR,1,Part-time,0.81,2.37,0,3.29,64011,7329.05,108751.12714287238,6401.1,12656.29,56882,69662.30076118429,161033.78714287237,-91371.48638168808,-0.5674056854951904,1.6989443555462715,0.1977205480308072,12780.300761184291,1
576,Female,Operations,4,Full-time,0.97,24.89,0,3.96,203372,45122.36,26791.26,20337.2,15259.8,200153,219786.15074771937,239688.62,-19902.46925228063,-0.08303468580310834,0.13173524378970555,0.07503392797435242,19633.150747719366,0
577,Male,Finance,1,Part-time,0.85,16.81,0,4.21,60104,8852.47,5006.81,6010.4,8043.8,63128,61642.07980323696,59909.08,1732.999803236955,0.028927164350328112,0.08330244243311594,0.13383135897777187,-1485.9201967630434,0
578,Female,Sales,3,Full-time,0.92,17.52,5,4.38,203487,46991.03,35608.14,20348.7,30817.06,206185,226714.38853087777,234920.40999999997,-8206.021469122206,-0.03493107077891703,0.174989753645196,0.1514448588853342,20529.388530877768,0
579,Male,Finance,4,Part-time,0.9,4.67,1,2.56,258428,36872.82,41544.48,25842.8,33874.5,249890,274236.2978664481,277128.0,-2891.7021335518803,-0.01043453614774357,0.1607584317488817,0.13107906264027117,24346.29786644812,0
580,Female,Sales,4,Part-time,0.78,24.09,1,2.77,309716,53201.05,60825.41,30971.6,36375.34,308516,359727.0883048116,356395.52,3331.5683048116043,0.009347952254875717,0.19639091942295522,0.11744740342765629,51211.08830481162,0
581,Male,HR,1,Full-time,0.77,1.43,5,2.76,61265,11507.9,11400.57,6126.5,3802.92,69007,83075.06874653006,74244.05,8831.018746530055,0.11894581109907197,0.1860861829755978,0.062073288174324656,14068.068746530058,0
582,Female,Operations,2,Contract,0.76,12.45,0,4.22,155102,21380.31,19689.07,15510.2,20233.8,157786,164228.72197196307,160427.38,3801.341971963062,0.0236950947647656,0.1269427215638741,0.1304547974881046,6442.721971963067,0
583,Female,Operations,4,Contract,0.97,20.25,1,3.96,262424,54986.56,37055.74,26242.4,35525.33,262216,281771.97675667645,292698.56999999995,-10926.5932433235,-0.03733053169109607,0.14120560619455536,0.1353737844099625,19555.97675667645,0
584,Male,Sales,1,Contract,0.93,13.91,4,3.4,79506,18819.14,4391.4,7950.6,6109.17,86441,87465.01552186161,88656.76999999999,-1191.7544781383767,-0.013442340366543659,0.055233567277941285,0.07683910648252962,1024.0155218616128,0
585,Male,IT,4,Full-time,0.76,19.16,1,4.26,227772,34098.11,49862.87,22777.2,20788.45,224087,265892.2528031479,268167.32999999996,-2275.077196852071,-0.008483797026476236,0.21891571395957363,0.09126868096166342,41805.25280314789,0
586,Male,IT,4,Full-time,0.85,23.37,5,3.13,257064,30350.8,50419.45,25706.4,49993.27,253680,274859.2365809428,262134.58,12724.656580942828,0.04854245701174881,0.19613578719696262,0.1944779121152709,21179.236580942816,0
587,Male,Operations,3,Part-time,0.84,1.55,5,3.35,239865,42189.79,21703.17,23986.5,33211.32,232060,237333.480774354,246560.13999999996,-9226.65922564597,-0.0374215362858164,0.09048077043336876,0.1384583828403477,5273.480774353986,0
588,Male,Sales,5,Part-time,0.78,22.08,4,3.54,303430,47969.6,65213.95,30343.0,30211.32,302480,342560.4752231143,356059.23,-13498.754776885675,-0.037911542910671565,0.21492255215370926,0.09956602840852916,40080.47522311431,0
589,Female,IT,5,Contract,0.91,1.54,4,4.53,378070,91143.45,80223.18,37807.0,72522.09,381819,438487.9923141921,439107.54000000004,-619.5476858079201,-0.0014109247265667996,0.2121913402280001,0.19182185838601315,56668.99231419212,0
590,Male,Sales,2,Full-time,0.9,14.54,4,3.5,138530,20878.22,2005.1432550361385,13853.0,12538.85,147623,134772.74989120604,135021.51325503614,-248.76336383010494,-0.0018423979840918154,0.014474433372093688,0.09051360716090377,-12850.25010879396,0
591,Male,IT,5,Full-time,0.79,18.36,2,3.02,392125,42657.24,73755.39,39212.5,49855.3,399676,421170.4222450577,419469.83,1700.592245057691,0.0040541467429438035,0.18809152693656359,0.1271413452343003,21494.422245057707,0
592,Female,Sales,3,Part-time,0.84,20.08,5,3.85,197733,22124.75,37858.48,19773.3,36272.8,206477,209886.02010655787,201670.13,8215.890106557868,0.04073925130388852,0.19146262889856525,0.18344333014721875,3409.020106557873,0
593,Female,IT,2,Part-time,0.85,7.41,3,2.86,109426,13428.41,17310.41,10942.6,13921.43,119370,119345.503934687,115300.79000000001,4044.7139346869953,0.03507967234818595,0.158192842651655,0.12722232376217718,-24.496065312996507,0
594,Female,IT,4,Part-time,0.96,2.0,5,3.69,231136,44959.18,401357.2216348688,23113.6,37218.56,222751,287115.6048666263,617120.2416348688,-330004.63676824246,-0.5347493316602248,1.7364548215547073,0.16102450505330193,64364.60486662632,0
595,Female,Finance,3,Full-time,0.82,23.52,2,2.81,230352,53273.52,67432.11,23035.2,11952.42,230282,319557.8131160004,316070.01,3487.803116000374,0.011034906842317541,0.29273507501562823,0.05188763284017504,89275.81311600038,0
596,Female,Finance,4,Contract,0.9,23.4,5,4.18,212872,36654.79,53732.89,21287.2,40678.97,210341,221035.5413182425,241293.50999999998,-20257.968681757484,-0.08395571303081249,0.2524187774813033,0.19109591679506935,10694.541318242496,0
597,Male,Finance,4,Part-time,0.76,24.56,2,2.72,295524,65653.03,35487.61,29552.4,12941.69,299180,370102.97641763784,354170.55,15932.42641763785,0.044985181341694984,0.12008368186678578,0.04379234850638188,70922.97641763784,0
598,Male,HR,4,Full-time,0.85,1.36,3,4.0,297116,69929.37,43320.65,29711.6,17511.99,302990,356485.9395612012,363142.43000000005,-6656.49043879885,-0.018330247001978946,0.14580382746132825,0.05893990899177426,53495.9395612012,0
599,Female,IT,5,Full-time,0.86,1.21,0,4.55,300970,67402.57,59291.12,30097.0,25148.61,307576,374438.630767973,372418.08,2020.5507679730072,0.00542549053465129,0.19700009967770876,0.08355852742798285,66862.63076797302,0
600,Female,HR,5,Contract,0.96,15.79,0,4.46,278465,52848.33,42754.2,27846.5,53585.09,274781,303712.1963807513,292635.94000000006,11076.256380751263,0.03784995233583155,0.15353527373278508,0.19243025155764637,28931.196380751324,0
601,Male,IT,2,Full-time,0.89,15.13,3,3.05,103312,20026.79,19929.08,10331.2,5503.52,105120,128597.31958214591,127433.14999999998,1164.1695821459289,0.009135531705415185,0.19290188942233236,0.05327086882453152,23477.31958214591,0
602,Male,Finance,3,Part-time,0.94,13.09,4,3.07,189021,37800.1,13236.47,18902.1,18813.27,183080,197429.21947993347,202342.2,-4912.980520066543,-0.024280553043638662,0.07002645208733421,0.0995300522164204,14349.219479933468,0
603,Male,HR,3,Part-time,0.79,4.61,4,3.01,193851,30629.63,12171.43,19385.1,17757.3,189670,176074.07047998186,199509.66,-23435.58952001814,-0.11746593884235049,0.06278755332703984,0.09160282897689462,-13595.929520018137,0
604,Female,Operations,5,Part-time,0.85,20.98,2,2.86,276790,48674.77,18132.61,27679.0,9080.93,275265,323261.22619601333,306837.45,16423.77619601332,0.053525983207112826,0.06551035080747138,0.03280801329527801,47996.22619601333,0
605,Male,Finance,1,Part-time,0.89,14.15,0,4.7,55338,10164.54,16045.13,5533.8,1591.8,64089,75824.36423147138,74422.06999999999,1402.2942314713873,0.018842451324874294,0.2899477754888142,0.02876504391195923,11735.36423147138,0
606,Male,HR,2,Contract,0.91,1.14,1,4.86,117634,26623.49,14604.63,11763.4,3987.06,121052,132417.85648899255,143111.66,-10693.803511007456,-0.07472349570263846,0.12415313599809578,0.033893772208715166,11365.856488992547,0
607,Male,IT,4,Full-time,0.79,3.17,5,2.81,222700,39592.55,24822.56,22270.0,18810.39,232398,253857.2443974896,246034.71999999997,7822.524397489615,0.03179439226093624,0.11146187696452628,0.0844651549169286,21459.244397489587,0
608,Male,HR,3,Contract,0.77,0.1,2,4.18,220065,43192.8,33603.31,22006.5,23796.93,219088,234212.5044652774,251057.68,-16845.1755347226,-0.06709683422041739,0.15269720309908436,0.10813591438893054,15124.504465277394,0
609,Female,Sales,3,Part-time,0.85,0.6,2,3.34,171450,21699.11,12791.21,17145.0,32954.35,176742,168082.5315909068,155840.96999999997,12241.561590906815,0.07855162599993325,0.07460606590842811,0.19220968212306794,-8659.468409093213,0
610,Female,Operations,5,Part-time,0.83,9.83,4,3.09,266760,30555.98,25277.62,26676.0,43629.27,257000,257607.74729841392,252288.33,5319.4172984139295,0.02108467442157919,0.09475790973159394,0.1635525191183086,607.7472984139167,0
611,Female,Operations,5,Contract,0.92,13.67,2,3.69,298900,71247.34,20380.12,29890.0,21074.88,292442,349007.7072996171,339562.57999999996,9445.127299617161,0.027815571726475755,0.06818374038139846,0.07050812980930077,56565.70729961712,0
612,Female,IT,3,Part-time,1.0,6.02,5,4.69,181962,40867.47,19317.88,18196.2,16718.64,181034,202214.0024323896,207232.51,-5018.507567610417,-0.024216796715970948,0.10616436398808543,0.09187984304415207,21180.002432389592,0
613,Female,Finance,2,Full-time,0.85,24.46,4,2.95,150166,33017.55,20054.4,15016.6,22758.66,148040,179159.01227214313,165462.68999999997,13696.322272143152,0.08277589511051195,0.1335482066513059,0.1515566772771466,31119.012272143125,0
614,Male,Operations,4,Contract,0.96,20.1,2,4.67,289228,31509.25,64501.5,28922.8,138469.30415560235,283813,329262.4079213739,217846.64584439766,111415.76207697624,0.5114412555911358,0.22301264054655842,0.47875483755238896,45449.4079213739,1
615,Male,Sales,3,Part-time,0.85,13.71,3,3.51,189771,33768.18,56766.5,18977.1,8414.28,192493,245188.98157181434,252914.3,-7725.318428185652,-0.030545202181868136,0.2991315849102339,0.04433912452376813,52695.981571814336,0
616,Male,Operations,5,Full-time,0.78,3.97,2,4.87,369035,85594.06,102134.31,36903.5,73244.55,366321,459648.65091920755,446615.32,13033.33091920754,0.029182453748356728,0.2767604969718319,0.1984758898207487,93327.65091920755,1
617,Female,Finance,5,Part-time,0.8,8.89,1,4.17,387730,66910.71,59942.04,38773.0,32726.75,396022,455062.453465437,443083.0,11979.453465436993,0.027036590131954946,0.1545973744616099,0.08440602996930854,59040.45346543699,0
618,Male,Finance,1,Part-time,0.79,11.79,1,3.88,74278,13781.77,7615.49,7427.8,11409.76,72753,91699.31874830187,76837.70000000001,14861.618748301858,0.19341571583092487,0.10252685855838875,0.15360887476776436,18946.31874830187,0
619,Male,Finance,1,Full-time,0.76,8.87,2,4.45,57318,10579.98,6608.23,5731.8,8316.36,57380,71470.0216001563,60458.04999999999,11011.971600156307,0.18214235490817696,0.11529065912976726,0.14509159426358212,14090.021600156295,0
620,Female,Finance,3,Part-time,0.93,15.25,4,3.72,178905,21464.54,20633.7,17890.5,17074.32,184101,188543.47712010526,186038.42,2505.0571201052517,0.013465267658719374,0.1153332774377463,0.09543791397669153,4442.4771201052645,0
621,Male,Sales,1,Contract,0.9,12.84,4,3.22,69015,6968.42,12012.74,6901.5,4928.55,61348,81290.45348059818,76166.11,5124.3434805981815,0.06727852427540518,0.17405984206331956,0.07141273636166051,19942.453480598182,0
622,Female,HR,5,Full-time,0.79,11.79,5,2.73,312530,60584.66,58640.92,31253.0,29167.11,319891,534348.4976842301,371335.47000000003,163013.02768423007,0.438991264918027,0.1876329312386011,0.0933257927238985,214457.4976842301,1
623,Female,Sales,1,Full-time,0.88,22.41,1,2.99,56563,5847.75,15012.74,5656.3,7007.09,57791,66554.81725422466,64760.100000000006,1794.7172542246553,0.027713318142261287,0.2654162615137104,0.12388115906157736,8763.817254224661,0
624,Female,Operations,4,Full-time,0.95,10.74,2,4.37,313032,74174.88,60424.8,31303.2,16447.12,308941,407113.50043809053,399881.36,7232.140438090544,0.018085715318389796,0.19303074446063023,0.05254133762682409,98172.50043809053,0
625,Male,Sales,3,Contract,0.82,4.97,1,3.12,180807,26391.01,34133.37,18080.7,22752.48,172707,215861.14001715407,200498.19999999998,15362.940017154091,0.07662383012492927,0.18878345418042444,0.1258384907663973,43154.14001715407,1
626,Male,Sales,3,Full-time,0.77,2.19,1,2.93,206649,36723.93,21387.9,20664.9,14670.26,201840,219642.5098435555,229425.67,-9783.1601564445,-0.042641959622236256,0.103498686178012,0.07099119763463652,17802.509843555512,0
627,Female,IT,2,Contract,0.85,20.3,3,2.53,141516,27936.22,30739.98,14151.6,23174.38,145586,181295.33001683833,162866.22,18429.110016838327,0.11315489496126531,0.21721911303315525,0.16375802029452502,35709.33001683833,0
628,Female,Sales,4,Part-time,0.92,16.98,0,4.83,204944,51142.22,47145.19,20494.4,14694.45,212434,256207.00621488222,268042.56,-11835.55378511778,-0.04415550196624663,0.23003937661019597,0.07169983019751737,43773.00621488222,0
629,Male,Finance,1,Part-time,0.97,1.23,4,3.08,56244,13195.28,6414.51,5624.4,3358.73,46831,83269.15676628741,66870.66,16398.49676628741,0.24522708114870423,0.11404789844250053,0.059717125382262995,36438.156766287415,0
630,Male,HR,2,Contract,0.81,18.95,2,4.4,120452,17693.16,18389.49,12045.2,6955.41,114676,137539.50255165985,137534.03999999998,5.4625516598753165,3.971781574856172e-05,0.15267069039949524,0.057744246670873044,22863.502551659854,0
631,Male,Sales,5,Contract,0.99,16.14,2,4.84,277360,40358.05,68084.32,27736.0,43782.54,269499,306397.3995306574,314283.83,-7886.430469342624,-0.025093338302968445,0.24547274300548028,0.15785455725411018,36898.39953065739,0
632,Male,Finance,3,Part-time,0.92,18.23,5,3.94,201144,26354.43,35424.27,20114.4,15326.0,210685,225209.05921656964,227482.30000000002,-2273.240783430374,-0.009993044660751073,0.17611397804557927,0.0761941693513105,14524.059216569643,1
633,Female,Sales,2,Part-time,0.86,16.13,3,4.36,123542,16657.63,18695.78,12354.2,8456.34,119716,210930.04480665573,138084.87,72845.17480665573,0.5275391489788543,0.15133136908905473,0.06844911042398537,91214.04480665573,1
634,Male,Sales,1,Full-time,0.98,9.26,1,4.38,73827,17316.07,19308.05,7382.7,3905.92,68126,94088.21321848479,99162.50000000001,-5074.286781515228,-0.051171428529083345,0.2615310116894903,0.05290638926138134,25962.213218484787,0
635,Male,IT,5,Contract,0.99,9.42,1,3.35,270175,29547.61,46346.74,27017.5,10705.0,272187,301858.8430909692,308346.85,-6488.006909030781,-0.021041262166390805,0.17154340705098547,0.03962246691958916,29671.843090969196,1
636,Male,Sales,3,Contract,0.95,21.89,4,3.26,154776,35413.48,40908.49,15477.6,24398.45,164237,182309.54839870404,191221.91999999998,-8912.371601295948,-0.046607478898318504,0.26430770920556157,0.15763716596888408,18072.548398704035,0
637,Male,IT,1,Full-time,0.79,17.26,5,4.86,53794,10886.89,7149.45,5379.4,5922.95,57450,61811.906991787844,60527.990000000005,1283.916991787839,0.02121195486233458,0.13290422723723835,0.1101042867234264,4361.906991787844,0
638,Female,Sales,1,Contract,0.78,7.8,2,4.51,65545,15023.75,5527.08,6554.5,12547.25,60562,84694.32831517793,66994.08,17700.24831517793,0.2642061554569886,0.08432496757952551,0.19142955221603478,24132.328315177932,0
639,Male,IT,3,Part-time,0.83,16.56,5,4.38,159924,35469.85,45808.22,15992.4,12206.28,166973,221239.04985278688,213003.39,8235.659852786863,0.03866445436754252,0.28643743278057077,0.07632550461469198,54266.04985278688,1
640,Female,Operations,5,Contract,0.92,6.31,1,4.68,318620,39932.25,20203.28,31862.0,47520.17,312057,306351.88304022764,299373.36000000004,6978.523040227592,0.023310434302596567,0.06340870001883121,0.1491437135145314,-5705.116959772364,0
641,Male,Finance,1,Full-time,0.87,21.23,3,3.46,56509,7077.29,14642.08,5650.9,6713.48,66464,70688.74747959067,65863.99,4824.757479590669,0.07325334343684112,0.2591105841547364,0.11880373037923161,4224.747479590675,0
642,Male,Finance,5,Full-time,0.88,15.11,2,3.65,365250,81927.89,94011.95,36525.0,53943.77,368676,443916.78777002357,450721.06999999995,-6804.282229976379,-0.015096436982580778,0.2573906913073237,0.147689993155373,75240.78777002357,0
643,Female,HR,1,Contract,0.78,20.97,3,4.18,79830,16329.52,11235.73,7983.0,14231.32,76635,80606.9616643515,85180.93,-4573.968335648489,-0.053697093183280455,0.14074570963297006,0.1782703244394338,3971.9616643515037,0
644,Female,Finance,2,Full-time,0.85,22.16,0,2.62,144016,35170.51,31653.37,14401.6,19247.4,136932,179851.74008259358,177190.88,2660.860082593572,0.015016913300467675,0.2197906482613043,0.1336476502610821,42919.74008259358,0
645,Male,Operations,4,Full-time,0.82,6.22,0,4.86,302172,43736.64,73692.6,30217.2,27425.71,308939,365350.86489214754,361958.32999999996,3392.5348921475816,0.009372722247192327,0.24387633533219494,0.09076191705386336,56411.86489214754,0
646,Male,IT,3,Contract,0.84,8.93,1,3.36,194898,34707.74,31216.08,19489.8,34766.81,194598,206880.78638592592,206565.21000000002,315.5763859259023,0.0015277325060009004,0.16016624080288153,0.17838464222311157,12282.786385925923,1
647,Female,Sales,1,Full-time,0.88,12.69,1,2.85,78643,19457.14,8846.8,7864.3,2611.38,69935,104435.91211201623,96471.26,7964.652112016236,0.08255984333589336,0.11249316531668425,0.03320549826430833,34500.91211201623,0
648,Female,Finance,3,Part-time,0.85,10.55,5,4.46,161391,20877.04,41164.93,16139.1,22074.17,154503,198845.0808793443,185219.7,13625.380879344302,0.0735633460120295,0.25506335545352593,0.13677447936997725,44342.080879344314,0
649,Male,IT,2,Contract,0.85,11.45,5,3.14,111174,23659.73,19813.28,11117.4,8644.2,111943,141230.81550574943,134885.41,6345.405505749426,0.04704293448601614,0.17821864824509326,0.07775379135409359,29287.81550574943,0
650,Female,Sales,5,Part-time,0.84,1.37,5,3.01,265225,43179.76,27824.42,26522.5,102836.84015691772,267435,303414.88294302975,206869.83984308227,96545.04309994748,0.46669462872490325,0.10490873786407766,0.38773433936060975,35979.88294302975,0
651,Female,HR,1,Part-time,0.98,21.1,3,4.36,64959,8131.06,5202.62,6495.9,2089.66,63866,72280.54833101199,69707.12,2573.4283310119936,0.03691772563565951,0.08009082652134424,0.03216890654104897,8414.548331011989,0
652,Female,Sales,4,Contract,0.86,2.98,1,3.78,214816,32721.8,30870.4,21481.6,28321.24,209158,229949.83844773457,228605.36000000002,1344.478447734553,0.005881220141708632,0.1437062416207359,0.13183952778191568,20791.838447734568,0
653,Male,HR,1,Part-time,0.93,2.77,4,2.59,65816,16398.03,7120.11,6581.6,1954.04,74459,90821.24107541986,80798.5,10022.741075419865,0.12404612802737507,0.10818205299623192,0.029689437218913334,16362.241075419865,0
654,Female,HR,5,Part-time,0.84,11.1,2,4.19,350160,61745.15,92918.96,35016.0,61588.39,341104,404633.92306959885,408219.72000000003,-3585.7969304011785,-0.00878398753103152,0.2653614347726754,0.17588642334932603,63529.92306959885,0
655,Male,Sales,4,Full-time,0.75,19.45,3,3.65,257760,64008.53,44027.47,25776.0,50944.01,249266,282571.87502191897,289075.99,-6504.114978081023,-0.022499672069205827,0.17080799968963378,0.19764125543140906,33305.87502191897,0
656,Male,Finance,3,Full-time,0.88,24.8,5,4.64,235359,26973.33,53330.7,23535.9,19347.53,242556,279365.8393254216,272779.6,6586.2393254216295,0.024144911589509002,0.22659299198246083,0.08220433465471895,36809.839325421606,0
657,Male,Finance,5,Contract,0.75,10.09,5,3.09,364780,81284.07,49001.86,36478.0,61631.14,357900,390700.7620599117,396956.79,-6256.027940088301,-0.01575997211204852,0.1343326388508142,0.1689542738088711,32800.76205991168,0
658,Female,HR,4,Part-time,0.77,4.68,5,3.89,288640,41478.77,44551.21,28864.0,25352.99,291251,314375.3650601577,320452.99000000005,-6077.624939842324,-0.01896573016791737,0.15434870426829267,0.08783602411308204,23124.365060157725,0
659,Male,Operations,5,Full-time,0.97,22.63,0,3.73,355410,53142.11,27260.01,35541.0,68101.01,350552,330967.54631782504,332170.11,-1202.5636821749504,-0.0036203247853184334,0.07670017726006584,0.19161253200528966,-19584.453682174964,0
660,Female,Sales,2,Full-time,0.82,8.01,3,2.91,121012,26316.99,9756.53,12101.2,16249.88,118905,126120.87029450906,128734.43999999997,-2613.5697054909106,-0.020302024116397376,0.08062448352229531,0.1342832115823224,7215.870294509063,0
661,Female,Finance,1,Contract,0.78,1.76,1,4.77,68038,8744.2,17370.95,6803.8,8030.77,70445,84007.90640314226,79318.57999999999,4689.326403142273,0.059120150702928295,0.2553124724418707,0.11803359887121903,13562.90640314226,0
662,Female,HR,1,Part-time,0.79,21.35,3,2.53,76255,13479.37,18481.21,7625.5,14356.01,85032,82934.75945426815,86234.06999999999,-3299.310545731845,-0.0382599423375453,0.24236063208969902,0.18826319585600945,-2097.2405457318528,0
663,Female,IT,4,Part-time,0.98,20.49,2,4.72,215556,27997.05,26092.21,21555.6,15523.12,221853,221458.1995693503,232566.54,-11108.340430649696,-0.047764138515582234,0.12104608547198871,0.07201432574365826,-394.80043064968777,0
664,Male,IT,4,Part-time,0.89,4.0,0,4.23,273024,34164.85,34831.62,27302.4,30197.03,281016,271718.87116397027,284521.0399999999,-12802.168836029654,-0.044995508367429195,0.12757713607594937,0.11060210823956867,-9297.128836029733,0
665,Male,IT,5,Contract,0.95,18.49,5,4.11,299905,36998.08,56010.66,29990.5,10718.72,306562,342088.5327443603,352204.52,-10115.987255639746,-0.028721912074381514,0.1867613410913456,0.03574038445507744,35526.53274436027,0
666,Male,Sales,3,Part-time,0.76,6.85,0,4.89,230271,55966.19,31796.23,23027.1,6391.87,227575,274269.5983797234,288614.45,-14344.851620276633,-0.04970247200123429,0.13808178190045642,0.027758032926421476,46694.59837972338,0
667,Female,Finance,5,Contract,0.79,9.81,4,4.87,327515,39688.22,78891.47,32751.5,12957.43,329419,400026.6157590197,400385.75999999995,-359.1442409802694,-0.0008969955399519439,0.2408789521090637,0.03956285971634887,70607.61575901968,0
668,Female,IT,1,Contract,0.94,8.56,1,4.07,50071,6449.27,4331.4,5007.1,9455.99,51256,47848.58824479372,46388.58000000001,1460.0082447937093,0.03147344119595187,0.08650516266901,0.18885163068442812,-3407.4117552062817,0
669,Female,Finance,5,Contract,0.98,22.19,2,4.06,365030,80759.32,24551.64,36503.0,29298.05,358513,412828.6112083701,404539.91000000003,8288.70120837004,0.02048920515251521,0.06725923896666028,0.08026203325754047,54315.61120837007,0
670,Male,HR,4,Full-time,0.84,3.71,5,3.99,297320,66051.89,43269.24,29732.0,13025.1,300729,352500.23059790663,363884.03,-11383.799402093398,-0.03128414127460718,0.145530875824028,0.043808354634736986,51771.23059790663,0
671,Male,Finance,5,Full-time,0.8,5.94,1,3.25,269780,52989.99,54019.77,26978.0,39197.52,272654,319341.1333648296,310614.24,8726.893364829593,0.028095599753667422,0.2002363777893098,0.14529438801986802,46687.133364829584,0
672,Male,Sales,2,Contract,0.8,11.73,2,4.5,107062,13599.42,8293.64,10706.2,19170.86,110643,95374.48390379794,99078.0,-3703.51609620206,-0.037379802743313956,0.07746576749920606,0.1790631596644935,-15268.51609620206,0
673,Male,Operations,1,Part-time,0.84,17.1,3,2.56,71576,14566.22,687.9866279759076,7157.6,2149.67,80886,74903.75638246011,77522.9366279759,-2619.1802455157886,-0.03378587498671456,0.009611973677991333,0.03003339108080921,-5982.243617539891,0
674,Male,Sales,1,Contract,0.85,2.01,5,2.87,51591,7465.04,3737.25,5159.1,9490.1,59719,52874.883934067206,48144.090000000004,4730.793934067202,0.0982632330171201,0.07243996045821946,0.1839487507511,-6844.116065932794,0
675,Female,Operations,4,Contract,0.75,12.1,1,2.81,290676,42482.84,81829.62,29067.6,14273.65,299634,374203.4073662636,371647.20999999996,2556.197366263659,0.006878021138013278,0.2815148825496429,0.049105017270087654,74569.40736626362,0
676,Male,HR,1,Part-time,0.97,13.85,5,3.84,69678,9010.67,6379.53,6967.8,12888.2,79540,78441.13814793827,65212.2,13228.938147938272,0.20285986591371358,0.09155730646689055,0.18496799563707342,-1098.861852061731,0
677,Female,Operations,4,Part-time,0.83,9.3,4,4.4,290768,43854.65,83745.72,29076.8,44437.2,288902,352454.49662935716,344854.37,7600.126629357168,0.022038655416653608,0.28801560006603205,0.15282699609310516,63552.49662935716,0
678,Female,Sales,3,Part-time,0.76,6.43,3,3.66,229113,30711.86,54065.24,22911.3,42490.71,223483,250432.1277764352,248488.09,1944.0377764352015,0.007823464603213787,0.23597630863373095,0.18545743803276113,26949.127776435198,0
679,Male,Sales,5,Contract,0.86,8.55,5,4.9,333930,55675.44,57523.48,33393.0,27815.36,333724,387064.9501590316,385920.56,1144.390159031609,0.0029653516232242437,0.17226209085736532,0.08329697840864853,53340.95015903161,0
680,Female,Operations,2,Full-time,0.94,20.3,1,3.35,140904,23256.79,36933.47,14090.4,12031.22,140425,181769.5359081297,174972.64,6796.8959081296925,0.03884547840239304,0.262117966842673,0.08538593652415828,41344.53590812971,1
681,Female,HR,2,Contract,0.95,23.52,4,4.06,145502,30736.44,36560.92,14550.2,25041.93,146065,168758.28002591373,173207.22999999998,-4448.949974086252,-0.025685705926284098,0.25127434674437465,0.1721071188024907,22693.28002591373,1
682,Male,Finance,5,Part-time,0.85,16.84,4,3.63,343490,72938.2,47829.47,34349.0,46114.89,347169,382753.29765157105,383793.78,-1040.482348428981,-0.0027110453651150385,0.13924559666948091,0.13425395208011878,35584.29765157105,0
683,Female,Sales,1,Contract,0.8,18.73,0,3.86,50828,6638.63,6250.72,5082.8,7865.61,53308,38776.812316332784,50768.939999999995,-11992.127683667211,-0.23620992842606547,0.12297788620445424,0.1547495474935075,-14531.187683667216,0
684,Male,IT,1,Full-time,0.99,17.88,2,4.89,74582,12236.35,12587.58,7458.2,13546.47,69855,77666.50188532037,78401.26000000001,-734.7581146796438,-0.00937176411041919,0.16877503955377973,0.1816318950953313,7811.501885320366,0
685,Female,Finance,2,Full-time,0.88,17.68,5,3.13,151402,25285.49,12242.74,15140.2,8641.48,151073,172830.98837025173,165148.54999999996,7682.438370251766,0.046518351933769735,0.08086247209415992,0.05707639265003104,21757.988370251725,0
686,Male,Operations,1,Part-time,0.89,3.83,3,4.32,53358,10140.03,12422.42,5335.8,8460.15,61769,65824.36899253483,62124.49999999999,3699.868992534837,0.05955571461395806,0.23281269912665392,0.1585544810525132,4055.36899253483,0
687,Male,Operations,4,Full-time,0.99,14.34,4,3.35,302800,59733.26,20320.96,30280.0,54967.74,302225,294810.9653822644,297606.48000000004,-2795.5146177356364,-0.009393325769437669,0.06711017173051519,0.18153150594451783,-7414.034617735597,0
688,Male,Sales,4,Part-time,0.95,14.93,5,3.48,240980,41211.28,63531.21,24098.0,19567.77,249072,295876.1700099501,302056.72000000003,-6180.549990049913,-0.020461554340025646,0.2636368578305254,0.08120080504606192,46804.17000995012,0
689,Male,IT,3,Full-time,0.97,2.2,4,4.44,235410,53469.18,22470.92,23541.0,22943.62,239928,268987.8345729957,264865.48,4122.35457299574,0.015563955608695178,0.09545439870863599,0.09746238477549807,29059.834572995722,0
690,Male,Finance,5,Contract,0.88,15.88,5,2.99,348855,45965.79,21061.89,34885.5,27200.98,345292,347121.945519723,353796.2,-6674.2544802770135,-0.018864686732862065,0.06037433890871565,0.07797216608619627,1829.9455197229981,1
691,Male,Finance,4,Full-time,0.89,21.45,5,4.17,209760,34675.31,60469.62,20976.0,31351.6,205886,252971.79665216178,252577.33,394.466652161791,0.00156176586458409,0.2882800343249428,0.14946414950419526,47085.79665216178,0
692,Male,Operations,1,Part-time,0.81,1.32,0,4.32,64041,7569.35,8049.56,6404.1,7418.81,63186,71987.71740775117,65837.0,6150.717407751174,0.09342341552244443,0.12569385237582176,0.11584469324339096,8801.717407751174,0
693,Female,HR,2,Contract,0.89,15.01,2,2.92,100368,15753.82,20505.04,10036.8,19528.34,101199,109907.07158850585,107061.72000000002,2845.3515885058296,0.02657674086037315,0.20429858122110633,0.19456739199744938,8708.071588505845,0
694,Female,HR,1,Full-time,0.94,14.79,2,2.98,69558,13911.8,14318.16,6955.8,8934.34,61224,83430.43916955273,81897.82,1532.6191695527232,0.01871379689413861,0.20584490640903993,0.12844446361309986,22206.43916955273,0
695,Female,Sales,5,Contract,0.87,13.22,2,3.34,261940,46598.32,26033.95,26194.0,43202.13,262355,388669.97423000186,265176.14,123493.83423000184,0.46570492439478844,0.09938898220966634,0.16493139650301594,126314.97423000186,1
696,Male,HR,5,Full-time,0.86,6.92,4,3.9,276110,41982.62,78199.02,27611.0,51377.48,279739,311106.24023985135,317303.16000000003,-6196.919760148681,-0.019529965475757256,0.283216906305458,0.18607612907899027,31367.24023985135,0
697,Female,IT,3,Full-time,0.88,8.2,1,4.34,215208,22705.94,36303.92,21520.8,17332.47,216083,248511.61524643627,235364.59,13147.025246436271,0.0558581273692711,0.16869224192409205,0.08053822348611576,32428.615246436268,0
698,Female,Finance,3,Full-time,0.87,2.14,4,4.93,202149,35922.19,41146.73,20214.9,12652.46,207709,249235.74313148635,246350.56,2885.183131486352,0.011711697068950654,0.20354654240189168,0.06258977289029378,41526.74313148635,0
699,Male,IT,3,Part-time,0.87,10.73,1,2.69,238914,27695.88,61966.68,23891.4,15091.62,236903,289774.58682141494,289593.54,181.04682141495869,0.0006251756217178003,0.2593681408372887,0.06316758331449811,52871.58682141494,0
700,Male,Finance,4,Full-time,0.94,1.55,3,3.94,233628,27540.43,13810.98,23362.8,6890.6,241330,233481.50556914968,244726.00999999998,-11244.504430850298,-0.04594732056004304,0.05911526015717294,0.029493896279555534,-7848.494430850318,0
701,Female,IT,5,Part-time,0.96,2.95,4,2.61,381530,63213.79,1553.2529568830707,38153.0,25651.6,388200,476376.3594170463,382492.44295688305,93883.91646016325,0.24545299701711082,0.004071116181907244,0.067233507194716,88176.3594170463,0
702,Female,Sales,1,Part-time,0.86,14.44,5,3.93,56308,8438.54,7257.16,5630.8,2206.84,56804,63461.33004776741,64166.06,-704.7299522325848,-0.010982908288783583,0.1288832847907935,0.039192299495631175,6657.330047767413,0
703,Male,IT,2,Contract,0.84,2.49,4,4.42,100480,24611.69,29392.27,10048.0,17655.62,92625,139568.64489677074,126780.34,12788.304896770744,0.10086977915322473,0.2925186106687898,0.17571277866242038,46943.64489677074,0
704,Male,HR,4,Full-time,0.82,15.77,1,3.64,270484,46605.1,64765.81,27048.4,19135.47,274745,342088.0676689449,335671.0399999999,6417.027668944967,0.01911701309992357,0.23944414457047367,0.07074529362180389,67343.06766894489,0
705,Male,HR,1,Part-time,0.83,23.12,5,2.64,60869,10520.91,16933.77,6086.9,7904.77,52110,61404.91570071623,74332.01000000001,-12927.09429928378,-0.1739101942660205,0.2782002332878805,0.12986528446335574,9294.915700716228,0
706,Male,IT,1,Full-time,0.84,21.3,2,3.9,68287,12101.23,219.83483999173922,6828.7,1562.75,60595,79508.3115026988,72216.61483999174,7291.696662707051,0.10096979315442922,0.003219278046945088,0.022885029361371857,18913.311502698794,0
707,Male,Finance,4,Part-time,0.99,9.42,3,4.01,282600,31639.12,62392.02,28260.0,53089.8,285852,287123.77744232916,295281.34,-8157.56255767087,-0.02762640726864376,0.22077855626326962,0.1878619957537155,1271.7774423291557,0
708,Female,Finance,1,Part-time,0.9,19.16,5,3.52,53876,12497.92,474.086797344317,5387.6,9798.15,61401,64269.9741706036,51662.25679734432,12607.717373259278,0.24404116573373102,0.008799591605618773,0.18186483777563292,2868.9741706036,0
709,Male,Operations,1,Contract,0.91,3.28,4,3.27,51491,6707.69,14273.65,5149.1,8077.5,43869,49731.88027938296,59245.73999999999,-9513.85972061703,-0.16058301779363432,0.27720669631586103,0.15687207473150647,5862.88027938296,0
710,Female,Operations,1,Part-time,0.8,18.91,5,3.69,59874,8015.24,12223.61,5987.4,1632.17,69749,80925.16616946302,72493.28000000001,8431.886169463003,0.11631265917976123,0.20415556000935298,0.027260079500283932,11176.166169463017,0
711,Male,Finance,4,Part-time,0.83,11.71,3,2.87,307756,76230.6,31475.54,30775.6,13376.17,298765,376379.6581981925,371310.37,5069.2881981924875,0.013652428285782827,0.10227433421281795,0.04346355554400239,77614.65819819248,0
712,Female,HR,5,Full-time,0.86,14.14,1,2.55,372345,39157.55,60117.48,37234.5,62180.85,375157,366619.0826031116,372204.68,-5585.597396888421,-0.015006789804170171,0.16145639125005037,0.166997945453813,-8537.917396888428,0
713,Female,HR,3,Contract,0.97,2.17,5,3.85,213693,50641.92,31411.42,21369.3,36182.89,215919,229405.18659857748,238194.14999999997,-8788.963401422487,-0.03689831761788645,0.14699320988520914,0.16932183085079996,13486.186598577478,0
714,Male,Operations,5,Full-time,0.98,6.89,0,3.33,256840,52683.35,61982.96,25684.0,48104.24,247004,309082.1042981685,297718.07,11364.034298168495,0.03817045535115989,0.2413290764678399,0.1872926335461766,62078.1042981685,1
715,Female,Operations,5,Full-time,0.8,19.95,2,4.35,284415,31163.12,41753.77,28441.5,20164.39,285682,319534.5831393051,308726.0,10808.58313930512,0.03501027817321871,0.14680579434980573,0.07089777262099396,33852.58313930512,0
716,Male,Sales,5,Full-time,0.99,9.43,1,4.5,280145,46274.25,74906.13,28014.5,14712.76,277379,365687.64950867835,358598.12,7089.529508678359,0.019770124585924653,0.2673834264398794,0.05251837441325028,88308.64950867835,1
717,Female,HR,1,Full-time,0.99,5.47,5,3.32,76203,16263.92,11311.48,7620.3,9866.62,84792,99328.61704890238,86291.48,13037.137048902383,0.151082552401493,0.14843877537629752,0.1294781045365668,14536.617048902379,0
718,Male,Operations,4,Contract,0.81,1.46,4,3.25,209584,35869.53,19282.78,20958.4,17576.45,209108,223220.0553283842,226201.46,-2981.4046716158045,-0.013180306933544128,0.0920050194671349,0.08386351057332621,14112.055328384187,0
719,Male,Finance,1,Full-time,0.85,1.43,5,3.96,69024,16058.54,6069.68,6902.4,8807.84,74988,68395.94728317817,75441.98000000001,-7046.0327168218355,-0.09339670985334471,0.08793579044969865,0.1276054705609643,-6592.052716821825,0
720,Female,Finance,2,Contract,0.93,10.27,5,3.76,115370,11664.25,25719.44,11537.0,16041.24,108648,139565.2501468105,125175.45,14389.800146810492,0.11495704746266534,0.22293005113981104,0.1390416919476467,30917.25014681049,0
721,Female,Operations,1,Full-time,0.76,9.21,2,4.95,65920,10752.24,11568.06,6592.0,12115.27,70686,74484.12038418523,69533.03,4951.090384185227,0.07120487032112978,0.17548634708737865,0.18378746966019419,3798.1203841852257,0
722,Female,Operations,3,Contract,0.95,21.61,4,3.64,164979,28255.34,24171.52,16497.9,32007.1,173511,182007.7378581675,168900.86,13106.877858167514,0.07760101315154651,0.14651270767794689,0.19400711605719514,8496.7378581675,0
723,Female,Finance,4,Full-time,0.92,2.08,0,4.66,241052,41481.19,16195.92,24105.2,1959.6827210101198,239118,253872.3199116743,272664.22727898986,-18791.90736731555,-0.06891959225765133,0.06718849045019332,0.008129709444477207,14754.319911674305,0
724,Male,Sales,3,Part-time,0.8,20.66,1,3.89,216804,23456.36,63515.19,21680.4,24340.75,217668,256017.35140043034,257754.39999999997,-1737.0485995696217,-0.006739161774036145,0.2929613383516909,0.11227076068707219,38349.35140043034,0
725,Female,Sales,4,Part-time,0.82,11.74,2,4.64,263828,38449.1,25899.76,26382.8,11406.03,271905,298279.04204724747,290388.02999999997,7891.0120472474955,0.02717402658521254,0.09816911017784313,0.04323282593204664,26374.042047247465,0
726,Male,HR,5,Full-time,0.87,5.69,2,2.92,390690,58568.11,111339.26,39069.0,31936.88,385277,483895.7041819286,489591.49,-5695.785818071396,-0.011633751677488095,0.284981084747498,0.08174481046353888,98618.7041819286,0
727,Male,Finance,1,Contract,1.0,12.13,0,2.95,79232,18514.22,13080.32,7923.2,11705.8,69842,93424.32907715737,91197.54000000001,2226.7890771573584,0.02441720552064626,0.16508885298869144,0.14774081179321485,23582.329077157367,0
728,Male,Operations,5,Part-time,0.82,4.61,4,2.6,284855,29418.97,69396.77,28485.5,12590.03,276056,338521.5030992069,342595.20999999996,-4073.7069007930695,-0.011890729297683613,0.24362138631935548,0.04419803057696021,62465.50309920689,0
729,Female,Operations,5,Part-time,0.87,15.15,5,3.57,377005,39233.4,92696.25,37700.5,8253.54,371875,466147.000789678,462980.61000000004,3166.390789677971,0.00683914341397142,0.24587538626808664,0.021892388695110145,94272.00078967802,0
730,Female,Sales,2,Contract,0.86,13.39,5,3.69,156174,24735.04,42456.86,15617.4,28253.13,155709,181603.7764956383,179495.37000000002,2108.406495638279,0.011746300172746955,0.2718561348239784,0.18090802566368283,25894.776495638303,0
731,Male,Sales,5,Contract,0.83,15.38,0,4.82,315005,76958.49,55831.41,31500.5,31975.67,316928,386267.98778962175,384318.73000000004,1949.2577896217117,0.005071982283095366,0.1772397580990778,0.10150845224678973,69339.98778962175,0
732,Male,HR,5,Contract,0.82,6.98,1,3.51,374060,93447.27,23843.17,37406.0,46434.88,380907,398787.89274560456,407509.56,-8721.667254395434,-0.021402362325918033,0.06374156552424744,0.12413751804523337,17880.892745604564,0
733,Male,Sales,2,Full-time,0.77,3.86,4,3.6,137080,24204.08,15722.82,13708.0,10549.99,131870,150698.1845730201,152748.91000000003,-2050.725426979945,-0.013425466846080569,0.11469813247738547,0.07696228479719872,18828.184573020088,0
734,Female,Finance,1,Full-time,0.99,23.62,3,3.34,57593,10690.88,15976.23,5759.3,1215.97,49652,72980.45793207889,77284.84,-4304.382067921106,-0.05569503757685344,0.27739881582831244,0.021113156112722034,23328.45793207889,0
735,Female,Finance,2,Full-time,0.95,23.71,5,2.73,113550,14104.86,32950.69,11355.0,13257.78,120520,150845.94949249562,135992.77,14853.179492495634,0.10922036143903559,0.2901866138265082,0.11675719947159842,30325.949492495623,0
736,Female,Sales,4,Part-time,0.93,24.89,0,3.22,205228,37091.48,37624.63,20522.8,19089.52,205847,236477.6622312522,240331.79,-3854.1277687477996,-0.01603669563958975,0.18333088077650223,0.09301615763930848,30630.66223125221,0
737,Male,Operations,3,Contract,0.79,24.44,2,4.63,206880,36152.27,3777.6936381724695,20688.0,12600.44,214717,266238.2227243508,213521.52363817245,52716.699086178356,0.24689173338567302,0.018260313409573035,0.0609069992266048,51521.22272435081,0
738,Male,Sales,4,Part-time,0.88,24.76,4,4.03,285632,44457.49,69419.43,28563.2,14476.76,278182,359826.6048668581,356468.95999999996,3357.6448668581434,0.009419178788689326,0.24303799994398384,0.05068325677795205,81644.6048668581,0
739,Female,Sales,2,Contract,0.85,8.67,3,3.58,123126,26751.21,21059.87,12312.6,20060.01,124432,123829.2878163371,138564.46999999997,-14735.182183662866,-0.10634170638160612,0.17104324025794715,0.16292261585692705,-602.712183662894,0
740,Female,Sales,5,Full-time,0.95,5.96,4,3.06,394510,69305.72,45452.41,39451.0,8535.49,389063,468418.1807978538,461281.64,7136.540797853784,0.015471113911782363,0.1152123140097843,0.021635674634356544,79355.1807978538,0
741,Female,HR,2,Full-time,0.91,12.78,4,3.61,142170,34838.09,27410.35,14217.0,24939.13,141371,166938.58384210235,165262.31,1676.2738421023532,0.010143110320207633,0.19279981712034885,0.17541766898783148,25567.58384210235,0
742,Male,HR,2,Full-time,0.97,14.58,2,4.3,139454,21727.84,10195.81,13945.4,14283.16,133331,134416.08862272717,143149.09,-8733.001377272827,-0.061006335263974275,0.07311235246030949,0.10242201729602593,1085.0886227271694,0
743,Male,Sales,3,Contract,0.85,21.68,0,3.11,197334,48348.83,57135.01,19733.4,12742.59,203023,276417.9690998888,270341.85,6076.119099888834,0.02247568809597491,0.2895345454914004,0.06457371765635928,73394.96909988881,0
744,Female,HR,5,Full-time,0.99,11.09,5,3.3,386535,69156.56,85788.47,38653.5,26758.04,389999,473734.4209419318,476068.49000000005,-2334.0690580682713,-0.004902800977372544,0.22194230794106615,0.06922540002845796,83735.42094193178,0
745,Male,HR,1,Full-time,0.93,1.29,4,2.62,69410,10962.83,9604.14,6941.0,5331.66,64689,61529.92088030442,77704.31,-16174.389119695581,-0.20815304993629802,0.13836824665033856,0.07681400374585794,-3159.0791196955834,0
746,Male,Operations,1,Contract,0.8,7.74,1,4.94,51832,8379.52,8354.19,5183.2,6415.67,47282,56156.594250387745,56966.84000000001,-810.2457496122661,-0.014223112070324876,0.16117822966507178,0.12377816792714925,8874.594250387745,0
747,Female,HR,5,Part-time,1.0,6.04,4,4.2,342340,71000.53,69094.86,34234.0,12305.1,332950,432235.2240052991,435896.29000000004,-3661.065994700941,-0.008398938184816716,0.20183110358123504,0.03594409067009406,99285.2240052991,0
748,Female,IT,2,Part-time,0.9,18.49,4,3.03,130894,29613.89,7537.98,13089.4,22498.89,136677,133943.08864334994,132457.58000000002,1485.5086433499237,0.01121497647284454,0.05758843033294116,0.17188633550812107,-2733.91135665006,0
749,Male,HR,4,Contract,0.87,5.44,1,2.83,304148,73906.77,20732.67,30414.8,94719.76046456702,313240,361042.84523891134,273652.879535433,87389.96570347832,0.31934604836549113,0.0681663861015032,0.311426543868666,47802.84523891134,1
750,Male,Operations,5,Part-time,0.89,3.14,1,3.22,368650,50067.38,38113.14,36865.0,34655.3,369878,373092.8771472828,385310.22000000003,-12217.342852717207,-0.031707808977185205,0.10338570459785705,0.09400596772005969,3214.877147282823,0
751,Female,Operations,5,Full-time,0.93,5.44,1,3.42,311965,49489.38,91753.32,31196.5,59847.35,314595,357123.65016372886,362163.85000000003,-5040.199836271175,-0.013916904838158679,0.2941141474203837,0.19183994999439039,42528.65016372886,1
752,Male,IT,1,Full-time,0.77,7.92,4,3.17,78167,13748.71,19106.51,7816.7,13640.0,84693,95421.16402007875,89565.51999999999,5855.644020078762,0.06537832884885571,0.24443192139905584,0.17449818977317794,10728.164020078751,0
753,Female,HR,5,Full-time,0.96,8.99,1,4.22,327965,48186.3,21391.97,32796.5,47975.29,337619,316612.49091705354,316771.48000000004,-158.98908294650028,-0.0005019046630918297,0.06522638086381169,0.14628173738051317,-21006.50908294646,1
754,Male,Operations,5,Full-time,0.83,17.33,0,4.42,329010,47908.53,83208.85,32901.0,23986.48,323280,402381.7818735125,403239.9,-858.118126487534,-0.0021280585737858135,0.2529067505546944,0.0729050180845567,79101.78187351249,0
755,Male,Sales,5,Part-time,0.86,18.18,2,4.23,393330,97587.25,41807.15,39333.0,54758.31,384753,444670.9563845425,438633.09,6037.866384542489,0.013765186717998153,0.10629026517173874,0.13921722217984897,59917.956384542515,0
756,Female,HR,4,Part-time,0.79,18.79,2,3.92,277204,39141.17,46739.01,27720.4,22198.44,286082,314760.7318878941,313165.33999999997,1595.391887894133,0.005094407599174715,0.16860871415996884,0.0800797968283286,28678.7318878941,0
757,Male,Sales,2,Part-time,0.89,22.23,3,3.92,150190,29250.76,26987.18,15019.0,4387.02,147808,186642.95437964454,187021.92,-378.96562035547686,-0.0020263165962336226,0.17968692988880752,0.029209800918836144,38834.954379644536,0
758,Male,Finance,5,Contract,0.83,4.54,3,3.76,292235,43373.95,33468.77,29223.5,30251.4,288428,296945.405893231,309602.82,-12657.414106769022,-0.04088274811827948,0.1145269047170941,0.10351737471555426,8517.405893230985,0
759,Male,IT,5,Contract,0.78,23.19,0,4.67,335155,69089.89,25657.27,33515.5,53510.15,325390,347608.04721401486,342876.51,4731.537214014854,0.013799537372842641,0.07655344542077547,0.15965791947009594,22218.047214014863,0
760,Female,HR,3,Part-time,0.78,16.1,2,4.59,160476,29945.3,33957.02,16047.6,16449.66,155547,197322.8228838135,191881.05999999997,5441.762883813528,0.028360083500755775,0.21160185946808244,0.10250542137142002,41775.8228838135,0
761,Female,Operations,3,Part-time,0.88,0.86,4,4.1,191637,21504.94,30423.07,19163.7,13927.78,200140,201736.56039721146,210473.53,-8736.969602788537,-0.041511013773506515,0.15875363317104735,0.07267792754008881,1596.5603972114623,0
762,Female,Operations,3,Contract,0.92,19.88,3,2.91,224214,25929.67,19367.35,22421.4,39883.85,220888,208288.4767831383,207205.76999999996,1082.706783138332,0.005225273326791682,0.08637886126646864,0.17788296002925777,-12599.523216861708,0
763,Female,Operations,5,Part-time,0.88,11.68,1,2.77,310655,61333.67,82944.85,31065.5,52523.51,318975,366009.7202643875,371344.51,-5334.789735612518,-0.014366146777321462,0.2669998873348248,0.1690734415992017,47034.72026438749,1
764,Female,Finance,3,Contract,0.78,1.23,2,3.14,226104,27211.44,26004.68,22610.4,20193.45,229149,238099.6033387366,236516.27,1583.3333387366147,0.006694395014502024,0.11501202986236422,0.08931045005838022,8950.603338736604,0
765,Male,IT,2,Part-time,0.99,15.26,5,4.59,110602,22845.14,8640.87,11060.2,16863.01,103887,120882.11091544954,114164.80000000002,6717.310915449518,0.05883872187793012,0.07812580242671924,0.15246568778141442,16995.110915449535,0
766,Male,Operations,4,Part-time,0.84,24.94,4,3.16,280480,39791.58,79282.74,28048.0,6853.81,272185,353792.3696812645,364652.51,-10860.140318735503,-0.029782162527101492,0.2826680690245294,0.024436002567027954,81607.3696812645,0
767,Male,Sales,1,Full-time,0.92,18.13,1,4.59,65455,16112.79,19237.26,6545.5,2078.18,75123,96079.81189635997,92181.37000000001,3898.44189635996,0.042290995418705096,0.2939005423573447,0.031749751737835154,20956.81189635997,0
768,Female,IT,1,Part-time,0.91,3.21,1,4.13,62151,15374.44,17275.16,6215.1,6155.65,54773,91005.28892169439,82429.85,8575.438921694382,0.10403317392539695,0.27795465881482195,0.09904345867323132,36232.28892169439,0
769,Male,Sales,4,Contract,0.76,9.06,5,4.57,268288,55059.37,44223.5,26828.8,8026.71,267675,324247.8349308668,332715.36,-8467.525069133204,-0.025449757020935868,0.16483592259064886,0.029918259482347328,56572.83493086678,0
770,Male,HR,4,Part-time,0.98,16.03,0,3.28,226436,40486.24,15061.12,22643.6,1629.1248205268655,233414,195186.15186005647,257710.63517947312,-62524.48331941664,-0.24261506815919243,0.06651380522531754,0.007194636985845296,-38227.848139943526,0
771,Female,HR,1,Contract,0.84,11.95,4,3.39,66902,13539.41,14421.26,6690.2,9952.21,64493,71015.53717971152,78220.26000000001,-7204.722820288487,-0.09210814206304717,0.2155579803294371,0.1487580341394876,6522.537179711522,0
772,Male,IT,3,Full-time,0.78,16.39,5,2.6,150027,28452.97,40120.82,15002.7,27057.34,145186,167478.47038985803,176540.75,-9062.279610141966,-0.051332508840831174,0.2674239970138708,0.1803498037020003,22292.470389858034,0
773,Male,Finance,4,Part-time,0.86,11.48,5,2.69,251792,50513.19,64286.24,25179.2,16124.23,255077,334675.53821305954,325288.0,9387.538213059539,0.028859159308242354,0.25531486306157464,0.06403789635889941,79598.53821305954,0
774,Male,Operations,1,Contract,0.97,6.08,5,3.88,52248,6733.41,3943.14,5224.8,9613.72,45202,45905.67222910553,48086.03,-2180.357770894472,-0.04534285261009221,0.0754696830500689,0.18400168427499616,703.6722291055266,0
775,Female,Operations,5,Part-time,0.96,19.0,2,2.62,383610,86910.42,61190.02,38361.0,1147.4313605043774,382670,455008.8239774122,492202.0086394956,-37193.1846620834,-0.07556487785348488,0.15951101379004717,0.0029911403782601534,72338.82397741219,0
776,Male,Operations,2,Part-time,0.94,14.56,3,2.97,137676,17654.86,13225.45,13767.6,4166.13,127828,151421.67563527368,150622.58,799.0956352736976,0.005305284475101261,0.09606213138092333,0.03026039396844766,23593.675635273685,0
777,Female,HR,4,Contract,0.9,21.01,0,2.54,273220,29330.36,5205.937407664504,27322.0,45766.87,265591,272988.62705029384,234667.42740766448,38321.19964262936,0.16330003727384687,0.019054012911443173,0.1675092233365054,7397.627050293842,0
778,Female,Finance,1,Contract,0.9,6.86,2,2.57,78708,16551.05,16246.31,7870.8,9801.99,86334,83167.54316177755,93832.56999999999,-10665.026838222446,-0.1136601804493093,0.20641243583879657,0.12453613355694465,-3166.4568382224534,0
779,Female,Sales,4,Contract,0.94,16.88,3,3.01,300920,46002.29,24533.27,30092.0,13052.18,298891,335112.01465934044,328311.38,6800.6346593404305,0.02071397786863322,0.08152754885019274,0.043374252292968235,36221.014659340435,0
780,Female,Sales,4,Contract,0.99,15.71,0,2.96,263172,30487.83,66638.5,26317.2,32679.69,256981,304642.8860179152,301301.44,3341.4460179152084,0.011090043306514594,0.25321272779779,0.12417616615749395,47661.88601791521,0
781,Female,IT,4,Contract,0.9,19.54,1,4.26,288724,65011.62,18493.78,28872.4,44623.37,286258,295044.27214372304,298733.63,-3689.357856276969,-0.012349991717628073,0.06405349053074909,0.1545537260497915,8786.272143723036,0
782,Female,Sales,3,Contract,0.91,7.85,4,4.89,150954,15852.21,29428.21,15095.4,7543.27,149583,179648.26739930513,173595.75,6052.5173993051285,0.03486558512696957,0.1949481961392212,0.049970653311604864,30065.26739930513,1
783,Male,Finance,1,Part-time,0.93,4.4,5,3.09,74536,12980.86,20773.83,7453.6,4331.18,75742,99871.50704814783,96505.91,3365.597048147829,0.03487451751035588,0.2787086776859504,0.05810856498873028,24129.507048147832,0
784,Male,Operations,2,Part-time,0.88,22.79,2,2.87,123168,24250.45,13329.21,12316.8,5938.78,120329,137868.71378533833,142492.08000000002,-4623.366214661684,-0.03244647853173091,0.10821974863600935,0.048216906988828266,17539.713785338332,0
785,Female,HR,2,Part-time,0.92,14.84,5,4.39,113084,16557.69,18318.81,11308.4,10515.1,110779,118466.7723505058,126137.0,-7670.227649494205,-0.06080870521333316,0.16199294329878675,0.09298486081143222,7687.772350505795,0
786,Male,Finance,2,Full-time,0.89,6.31,1,4.79,154718,21637.75,42385.6,15471.8,5976.06,152900,186473.42048447425,197293.49000000002,-10820.06951552577,-0.05484250653949996,0.27395390323039337,0.038625499295492444,33573.42048447425,0
787,Female,HR,1,Full-time,0.91,22.67,0,2.92,72145,17693.49,11775.57,7214.5,13724.05,78288,71179.56289355404,80675.51,-9495.94710644595,-0.11770544873464017,0.1632208746274863,0.19022870607803727,-7108.437106445956,0
788,Male,Operations,1,Part-time,0.8,7.59,2,2.73,70338,8551.71,5357.3,7033.8,6761.58,70673,78914.14344656636,70451.62999999999,8462.513446566372,0.12011806464330738,0.07616508857232222,0.09612983024822998,8241.143446566362,0
789,Female,Operations,3,Part-time,0.95,3.53,1,2.83,225129,44241.08,22354.35,22512.9,8458.05,231877,256851.83701641002,260753.47999999998,-3901.6429835899617,-0.014962956519659726,0.09929573711072318,0.03756979331849739,24974.83701641002,0
790,Female,Sales,2,Contract,0.91,13.43,1,4.19,103548,20958.18,21453.44,10354.8,45980.86059778098,110775,137168.75403816195,89623.95940221903,47544.79463594292,0.5304920129958657,0.2071835284119442,0.4440535847894791,26393.754038161947,1
791,Female,Sales,5,Full-time,0.76,11.39,4,4.73,306895,56905.88,79208.91,30689.5,60916.32,309796,355410.62272803375,351403.97000000003,4006.6527280337177,0.011401842523389013,0.258097753303247,0.19849238338845535,45614.62272803375,0
792,Male,Sales,1,Contract,0.92,24.5,4,4.96,65075,13210.34,7217.06,6507.5,10655.38,65418,61311.72958926351,68339.51999999999,-7027.790410736481,-0.1028364028710837,0.11090372646945833,0.1637399923165578,-4106.270410736492,0
793,Male,IT,2,Part-time,0.78,19.52,4,4.78,106602,16781.82,22136.85,10660.2,10385.77,107265,109906.01144564402,124474.7,-14568.688554355977,-0.11704136305896681,0.20765886193504812,0.09742565805519597,2641.0114456440206,0
794,Female,Operations,3,Full-time,0.94,23.4,4,4.85,175839,22193.9,47245.46,17583.9,57705.7388900231,173609,196055.87853396113,169988.72110997688,26067.15742398426,0.15334639412411194,0.2686859001700419,0.32817372079017226,22446.878533961135,0
795,Female,Sales,5,Part-time,0.81,1.68,2,3.17,280130,66343.53,58349.59,28013.0,41960.63,286473,341832.08480804507,334849.49,6982.594808045076,0.0208529354727256,0.20829468461071643,0.1497898475707707,55359.08480804507,0
796,Female,HR,4,Contract,0.76,9.38,2,4.07,247848,30216.26,4875.2682627933045,24784.8,15442.33,250974,293495.2262130366,242712.39826279334,50782.827950243285,0.20923046500186987,0.019670395818377814,0.062305647009457406,42521.22621303663,0
797,Female,Sales,2,Contract,0.91,10.13,1,3.99,137740,15994.04,7469.39,13774.0,25305.81,135229,128458.49448310456,122123.62000000002,6334.874483104533,0.05187263924132393,0.05422818353419486,0.18372157688398433,-6770.505516895442,0
798,Male,Finance,2,Contract,1.0,5.29,3,3.16,156118,31134.45,45486.88,15611.8,28857.88,158598,183704.5265583991,188269.65000000002,-4565.12344160091,-0.02424779268246852,0.2913621747652417,0.18484659039956955,25106.526558399113,0
799,Male,HR,2,Part-time,0.88,19.88,0,2.84,111574,27515.9,32477.89,11157.4,5519.7,115386,150119.39873624893,154890.68999999997,-4771.291263751045,-0.030804248233067114,0.29108833599225625,0.049471202968433506,34733.39873624893,0
800,Female,HR,5,Contract,0.82,20.4,5,3.45,301725,34173.24,40900.75,30172.5,59333.92,307670,284899.1158205805,287292.57,-2393.4541794194956,-0.00833106884532202,0.1355563841246168,0.19664900157428122,-22770.88417941949,0
801,Female,Finance,5,Contract,0.91,10.4,0,2.92,315270,78163.79,80460.77,31527.0,22278.84,308513,421764.48066918214,420088.72,1675.7606691821711,0.003989063712975133,0.25521226250515433,0.0706659054144067,113251.48066918214,0
802,Male,IT,2,Part-time,0.98,12.42,3,4.61,154982,25863.86,35203.52,15498.2,23516.52,148137,169158.38759614422,177034.65999999997,-7876.27240385575,-0.04449000214904669,0.22714586210011484,0.1517371049541237,21021.387596144225,0
803,Female,Finance,3,Part-time,0.79,9.03,2,4.09,205083,22683.1,28790.59,20508.3,23843.75,213350,212139.734387106,212204.64,-64.90561289401376,-0.0003058633067307753,0.1403850636083927,0.11626390290760326,-1210.2656128939998,0
804,Female,Finance,1,Part-time,0.95,10.8,0,4.49,61504,11643.46,16707.49,6150.4,5779.51,71347,79189.75380258549,77925.04000000001,1264.7138025854802,0.016229876848128405,0.2716488358480749,0.09396966050988553,7842.753802585488,0
805,Male,Operations,5,Contract,0.9,15.75,5,3.54,338215,41142.77,24821.55,33821.5,7779.24,333934,359817.26235640165,362578.58,-2761.3176435983623,-0.007615777091957176,0.07338985556524695,0.023000872226246617,25883.262356401654,0
806,Female,Finance,3,Contract,0.8,18.4,4,3.3,197922,34815.81,17937.23,19792.2,38150.3,202567,196646.5762806106,192732.53999999998,3914.0362806106277,0.020308123789634216,0.09062777255686584,0.19275421630743425,-5920.423719389393,0
807,Male,Sales,5,Part-time,0.96,21.59,3,3.52,353495,75773.13,30389.63,35349.5,7618.32,348241,417136.85151875595,416689.94,446.91151875595096,0.001072527737904954,0.08596905189606642,0.021551422226622725,68895.85151875595,0
808,Male,Finance,4,Contract,0.86,12.95,4,2.52,274924,44923.4,63099.74,27492.4,27405.76,278187,325571.7822880955,328048.98,-2477.197711904475,-0.007551304417725899,0.22951703016106267,0.09968485836085608,47384.78228809551,0
809,Male,IT,2,Part-time,0.93,5.83,1,4.53,120544,22694.18,12378.76,12054.4,7547.22,120927,144783.8792598192,136015.32,8768.559259819187,0.0644674383725244,0.10269080169896469,0.0626096694982745,23856.879259819194,0
810,Female,Finance,5,Contract,0.85,6.46,3,4.67,294440,59002.9,47705.57,29444.0,31747.12,299018,343359.9204666409,339957.35000000003,3402.570466640871,0.010008815713620755,0.16202136258660507,0.10782203504958565,44341.920466640906,0
811,Female,Operations,5,Part-time,0.8,15.67,3,3.4,277410,69171.29,47172.43,27741.0,29810.31,273435,342714.2568815819,336202.41,6511.846881581936,0.01936882868145394,0.1700458887567139,0.10745939223531957,69279.25688158191,0
812,Male,HR,2,Contract,0.95,11.28,2,4.3,148750,27955.38,25747.4,14875.0,8124.25,141373,180482.46960323973,179453.53,1028.9396032397344,0.00573373844047389,0.17309176470588236,0.05461680672268907,39109.46960323973,0
813,Male,HR,4,Full-time,0.87,6.15,0,4.79,208360,31318.8,306060.5266112172,20836.0,24159.33,213865,260332.42106511112,500743.9966112171,-240411.57554610597,-0.48010875252242724,1.4689025082127913,0.11594994240737186,46467.42106511112,0
814,Male,IT,4,Contract,0.78,9.4,0,2.75,213620,41323.32,34546.32,21362.0,34187.17,212220,251179.89941906516,233940.47000000003,17239.429419065127,0.07369152254445382,0.16171856567737103,0.1600373092407078,38959.89941906516,0
815,Male,IT,4,Part-time,0.81,4.11,1,3.52,232424,55546.5,52900.97,23242.4,22174.7,231735,288605.01127470593,295454.36999999994,-6849.358725294005,-0.02318245868319364,0.22760545382576672,0.09540624031941625,56870.01127470593,0
816,Female,HR,2,Contract,1.0,16.66,1,3.21,101872,19138.82,7881.9,10187.2,19747.95,93023,99242.09859226395,98957.57,284.52859226394503,0.0028752584796084323,0.0773706219569656,0.19385061645987123,6219.098592263952,0
817,Female,Finance,4,Part-time,0.79,16.2,4,3.11,235704,48940.21,57560.18,23570.4,33285.07,243678,292240.4122050624,285348.92,6891.492205062415,0.024151106669905796,0.24420535926416184,0.1412155500118793,48562.4122050624,0
818,Female,HR,5,Full-time,0.77,8.27,4,3.12,347905,86350.75,51262.91,34790.5,52836.43,352865,399902.2631859049,397891.73000000004,2010.5331859048456,0.005052965503718425,0.14734743680027595,0.15187028068007072,47037.263185904885,0
819,Female,Operations,5,Part-time,0.92,5.3,2,3.1,328910,46768.6,50251.47,32891.0,20451.13,336593,371926.219808828,372587.93999999994,-661.7201911719167,-0.0017760107618403236,0.15278182481529903,0.06217849867744976,35333.21980882803,0
820,Male,IT,4,Part-time,0.83,0.18,2,4.2,254028,56855.53,22012.05,25402.8,12381.31,252541,297056.2038212856,295111.47000000003,1944.7338212855975,0.006589827976817022,0.08665206197741981,0.04873994205363188,44515.20382128563,0
821,Male,Finance,1,Full-time,0.95,15.41,4,2.61,76718,14835.88,9760.79,7671.8,6626.17,71184,92346.8573763482,87016.70000000001,5330.1573763481865,0.06125441870753758,0.12722946375035846,0.08637047368283844,21162.857376348198,0
822,Female,Finance,4,Contract,0.85,23.68,0,3.52,290144,62605.94,49605.72,29014.4,52677.33,296263,325287.75818911643,320663.93,4623.828189116437,0.014419545687961964,0.1709693117900077,0.1815558136649388,29024.75818911643,0
823,Female,Finance,1,Part-time,0.98,2.19,2,4.84,69562,15570.08,17239.39,6956.2,3906.88,67138,94785.47894947194,91508.39,3277.088949471945,0.03581189604004556,0.24782769328081422,0.056163997584888305,27647.478949471944,0
824,Male,Operations,3,Full-time,0.82,23.81,3,2.62,236718,28994.73,43649.68,23671.8,29268.44,245086,259277.9520741354,256422.16999999998,2855.782074135408,0.011137032629181042,0.1843952720114229,0.12364264652455664,14191.952074135392,1
825,Female,Sales,2,Full-time,0.91,0.42,5,4.9,148306,15822.5,12719.54,14830.6,3340.24,151076,164459.8151598841,158677.2,5782.615159884095,0.03644263422775355,0.0857655118471269,0.022522622146103326,13383.815159884107,0
826,Female,HR,3,Full-time,0.92,20.57,3,2.53,211470,38340.0,34869.45,21147.0,23222.42,209319,241204.42326562712,240310.03000000003,894.3932656270918,0.003721830776797338,0.1648907646474677,0.10981425261266373,31885.42326562712,0
827,Female,Finance,5,Part-time,0.77,17.11,3,3.76,280800,60308.07,48107.4,28080.0,13166.35,273043,339600.1513195,347969.12000000005,-8368.968680500053,-0.024050894747499583,0.1713226495726496,0.04688871082621083,66557.1513195,0
828,Male,HR,3,Full-time,0.97,15.33,5,2.89,194760,47589.74,34977.21,19476.0,6450.79,199596,255187.41932569974,251400.16,3787.259325699735,0.015064665534420246,0.17959134319162046,0.03312173957691518,55591.41932569974,0
829,Female,Operations,4,Full-time,0.91,6.33,2,4.51,202540,45100.25,59696.0,20254.0,22347.56,197525,277569.40286646876,264734.69,12834.712866468763,0.048481416872374235,0.29473684210526313,0.11033652611829763,80044.40286646876,0
830,Male,Operations,1,Full-time,0.78,13.67,0,3.87,59244,6719.51,9152.96,5924.4,10284.24,58064,56627.0759436639,58907.83000000001,-2280.754056336111,-0.038717332760960815,0.15449598271554923,0.1735912497468098,-1436.9240563361018,0
831,Male,Sales,1,Full-time,0.96,2.48,0,2.73,54937,7658.46,14761.11,5493.7,2373.41,45419,65211.406633245424,69489.46,-4278.053366754582,-0.06156406117927211,0.2686915921874147,0.043202395471176075,19792.406633245424,0
832,Female,HR,3,Part-time,0.91,8.9,2,4.47,227238,30689.3,47674.64,22723.8,14184.85,233569,271053.0616456706,268693.29000000004,2359.771645670582,0.008782398867015182,0.20980047351235268,0.06242287821579137,37484.06164567062,0
833,Female,Sales,1,Part-time,0.93,21.84,0,2.82,77641,17856.6,401.7713867851051,7764.1,3329.24,72428,90343.30052212489,84806.0313867851,5537.269135339797,0.06529334110784298,0.00517473225209754,0.04287992169085921,17915.30052212489,0
834,Male,Finance,4,Full-time,0.93,18.97,4,2.76,261620,46024.45,66361.55,26162.0,49317.82,257570,296504.0739592305,298526.18,-2022.1060407694895,-0.006773630509623945,0.2536562571668833,0.18850936472746732,38934.0739592305,0
835,Male,Finance,4,Full-time,0.88,23.76,0,3.84,300680,47846.78,78793.43,30068.0,32695.01,298837,355795.03584925755,364557.2,-8762.164150742465,-0.024035087362812926,0.2620507848875881,0.108736896368232,56958.03584925755,0
836,Female,Sales,2,Contract,0.96,20.8,0,3.51,113052,16957.23,19555.96,11305.2,13916.59,118152,98929.769494432,124343.4,-25413.630505568,-0.20438262509765698,0.1729819905884018,0.12309901638184198,-19222.230505568004,0
837,Male,Operations,2,Part-time,0.81,19.85,3,3.72,144658,21714.15,11096.03,14465.8,9112.32,144885,152972.93331594885,153890.06,-917.1266840511526,-0.005959622629630222,0.07670526344896239,0.06299216082069432,8087.933315948845,0
838,Female,HR,1,Contract,0.79,11.52,4,3.27,67069,7060.61,8771.71,6706.9,7910.09,61071,70398.47617316511,68284.33000000002,2114.1461731650925,0.030960927245900955,0.13078635435148875,0.11793958460689738,9327.476173165109,0
839,Female,Sales,3,Full-time,0.89,8.91,2,3.62,237246,58084.39,34243.4,23724.6,15772.31,228952,287974.906018508,290076.88000000006,-2101.9739814920467,-0.007246265133202088,0.14433710157389376,0.06648082580949731,59022.906018508016,0
840,Male,IT,2,Contract,0.94,5.15,3,4.27,121266,12511.31,18763.88,12126.6,19360.81,111759,108286.62825140709,121053.78,-12767.151748592907,-0.10546677475575655,0.15473323107878548,0.15965571553444494,-3472.3717485929083,0
841,Male,Finance,5,Full-time,0.83,14.09,3,3.01,379290,80143.71,23921.74,37929.0,65790.76,377255,382094.4549336638,379635.69,2458.7649336637696,0.006476643262027786,0.06306978828864458,0.1734576709114398,4839.454933663772,0
842,Male,IT,5,Contract,0.84,18.07,3,3.3,362785,85576.17,29624.76,36278.5,18913.27,372321,420812.1406540823,422794.16,-1982.0193459176808,-0.004687906157260263,0.08165927477707181,0.05213355017434569,48491.14065408229,0
843,Male,Finance,1,Full-time,0.87,2.05,1,2.99,66381,16035.32,107.74948063311805,6638.1,5823.38,59376,90155.0211655429,70062.58948063312,20092.43168490978,0.28677831969747253,0.0016231976112610243,0.08772660851749747,30779.0211655429,0
844,Female,IT,1,Part-time,0.82,17.56,5,4.15,55043,13670.96,6399.4,5504.3,7759.45,62618,68233.56639689788,61849.609999999986,6383.956396897891,0.10321740746462091,0.11626183165888486,0.14097069563795578,5615.566396897877,0
845,Male,HR,4,Full-time,0.76,2.84,2,2.51,273184,68273.9,68451.28,27318.4,44149.31,274564,323150.9348667,338441.47000000003,-15290.535133300058,-0.045179259897730785,0.250568408105892,0.1616101601850767,48586.93486669997,0
846,Female,HR,1,Contract,0.79,7.12,3,3.44,61736,13177.33,11415.94,6173.6,2095.76,56150,78803.74397223529,78059.91,743.833972235283,0.0095290139616518,0.18491544641700144,0.03394712971361929,22653.743972235286,0
847,Female,IT,4,Contract,0.75,2.56,3,3.53,273272,65579.52,57209.66,27327.2,44906.42,272929,306401.8694421486,323827.56000000006,-17425.690557851456,-0.05381163529704344,0.20935061038086597,0.16432865423460874,33472.8694421486,0
848,Female,HR,5,Full-time,0.78,21.9,4,4.46,306960,38436.83,54658.88,30696.0,33068.02,307566,332055.9542919439,336291.69,-4235.735708056076,-0.012595421873362603,0.17806515506906437,0.10772745634610371,24489.954291943926,0
849,Female,Finance,5,Contract,0.91,23.65,1,3.95,261280,47300.2,16351.09,26128.0,8184.16,268684,297585.1031567073,290619.13000000006,6965.973156707245,0.023969424024864582,0.06258071800367422,0.03132333129210043,28901.103156707308,0
850,Male,Sales,3,Part-time,0.78,20.9,4,2.89,186087,27015.43,20887.19,18608.7,16192.41,190966,206779.01477177293,199188.50999999998,7590.504771772947,0.03810714168087782,0.11224421910181796,0.0870152670525077,15813.014771772927,0
851,Male,Operations,4,Contract,0.81,12.22,1,3.52,315724,78294.95,20200.52,31572.4,14394.69,306337,369427.8623870935,368252.38,1175.4823870934779,0.0031920564562094014,0.06398157884734769,0.04559263787358579,63090.86238709348,0
852,Female,Operations,2,Part-time,0.76,20.91,5,3.78,104150,18648.18,19830.02,10415.0,5285.24,111810,122750.90743984004,126927.95999999998,-4177.052560159937,-0.032908844987029943,0.1903986557849256,0.05074642342774844,10940.90743984004,0
853,Female,HR,5,Contract,0.8,7.97,3,3.98,375455,49378.97,29692.08,37545.5,73071.44,383525,338458.0681194434,343909.11,-5451.041880556615,-0.015850239851327625,0.07908292604972633,0.194621033146449,-45066.93188055663,0
854,Male,Operations,3,Part-time,0.78,3.64,3,4.24,213003,41838.26,52331.94,21300.3,40203.59,213555,253411.91819220167,245669.31000000003,7742.608192201646,0.03151638351653141,0.24568639878311574,0.18874659042360903,39856.91819220167,0
855,Male,IT,5,Contract,0.92,3.9,0,3.11,257170,58205.04,26315.31,25717.0,8500.5,251422,301298.67434085696,307472.85,-6174.175659143017,-0.02008039298150395,0.10232651553447136,0.033054010965509195,49876.67434085696,0
856,Male,IT,2,Full-time,0.98,16.26,3,2.73,112556,27258.64,12903.34,11255.6,9083.07,105791,145255.4753262078,132379.31,12876.165326207789,0.09726720381159101,0.11463929066420271,0.08069823021429333,39464.47532620779,1
857,Male,Operations,4,Contract,0.85,1.28,3,3.74,268920,31866.42,40403.24,26892.0,22354.72,278262,297310.22998621495,291942.93999999994,5367.289986215008,0.01838472266606279,0.15024260002974862,0.08312777034062176,19048.229986214952,0
858,Female,IT,3,Full-time,0.79,9.16,4,3.43,220566,27066.0,55056.22,22056.6,32489.61,212888,252972.33416222315,248142.01,4830.3241622231435,0.01946596693652616,0.249613358359856,0.14730107994885885,40084.33416222315,0
859,Male,HR,4,Full-time,0.8,9.17,3,2.76,304988,59238.12,24503.65,30498.8,60225.42,296977,293859.5288891104,298005.55000000005,-4146.021110889618,-0.013912563409941922,0.08034299710152532,0.19746816268181042,-3117.4711108895717,0
860,Female,Operations,4,Part-time,0.89,22.78,5,3.89,207640,26198.93,30040.49,20764.0,35665.51,206350,218052.11872349627,207449.90999999997,10602.208723496296,0.05110731898363464,0.14467583317279908,0.17176608553265268,11702.11872349627,0
861,Male,IT,3,Full-time,0.91,16.27,1,4.67,201066,47068.74,56288.05,20106.6,7454.09,194248,290171.9626571478,276862.1,13309.862657147809,0.048073978551588716,0.27994812648583056,0.03707285170043667,95923.96265714779,0
862,Male,HR,5,Part-time,0.94,15.17,1,2.92,281640,61851.83,64785.04,28164.0,9999.47,288882,477596.5369978031,370113.4,107483.13699780306,0.29040595935678915,0.230027836954978,0.03550443829001562,188714.53699780308,0
863,Male,Operations,2,Contract,0.87,4.35,5,3.34,136578,14028.22,20497.96,13657.8,16249.76,140182,153472.4768143561,141196.62,12275.856814356113,0.08694157703177395,0.15008244373178695,0.1189778734496039,13290.476814356109,0
864,Male,Operations,3,Contract,0.96,5.39,3,2.8,219063,49887.34,19530.17,21906.3,42817.36,223057,232735.84374962526,223756.84999999998,8978.993749625282,0.04012835249345566,0.08915321163318314,0.19545683205287978,9678.843749625259,0
865,Male,HR,2,Contract,0.96,12.52,3,4.95,133074,15251.15,2255.4383187395088,13307.4,17949.07,134133,138503.0193077134,119324.11831873949,19178.90098897391,0.1607294590498719,0.016948752714576167,0.13488036731442657,4370.019307713403,0
866,Male,Operations,5,Part-time,0.77,13.74,2,3.98,397860,78740.16,45322.84,39786.0,34065.55,398186,446426.427170854,448071.45,-1645.022829146008,-0.0036713404282866227,0.1139165535615543,0.08562195244558388,48240.427170854,0
867,Female,Finance,4,Contract,0.96,4.87,3,4.57,308284,56847.05,74156.75,30828.4,45764.55,308882,365309.6932048835,362694.85,2614.8432048835093,0.007209485342522811,0.24054686587691868,0.14844931945868098,56427.693204883486,0
868,Male,Operations,5,Full-time,0.97,10.8,3,4.92,375450,63012.62,32174.72,37545.0,33827.39,383480,388150.56015831203,399264.94999999995,-11114.389841687924,-0.0278371288080457,0.08569641763217473,0.09009825542682115,4670.56015831203,0
869,Female,Finance,4,Part-time,0.99,7.99,3,4.67,200024,46443.09,27512.63,20002.4,6998.12,191159,239463.49406411214,246979.19999999998,-7515.705935887847,-0.030430521824865605,0.1375466444026717,0.034986401631804186,48304.494064112136,0
870,Female,Operations,1,Contract,0.95,11.07,1,3.71,79174,17155.93,11527.01,7917.4,7898.63,79064,100994.86934051276,92040.90999999999,8953.959340512767,0.09728238606629126,0.14559085053174023,0.0997629272235835,21930.869340512756,0
871,Male,Finance,2,Full-time,0.84,9.18,2,3.81,101422,22446.71,14243.92,10142.2,11599.21,100464,106787.4885662619,116371.22,-9583.731433738096,-0.08235482479033988,0.1404421131509929,0.11436581806708603,6323.488566261905,0
872,Male,IT,1,Part-time,0.82,23.34,2,4.31,55115,10283.25,11680.52,5511.5,1392.97,49650,77270.9382115703,70174.3,7096.638211570302,0.1011287353286075,0.21192996461943212,0.025273881883334844,27620.938211570305,0
873,Female,Finance,5,Full-time,0.9,12.74,1,3.86,291980,44939.69,20546.19,29198.0,968.290098896982,291820,311348.6520099275,327299.589901103,-15950.937891175505,-0.04873497671046654,0.0703684841427495,0.0033162891256147066,19528.652009927493,0
874,Male,Operations,4,Contract,0.87,1.32,1,2.59,296240,61492.67,54663.29,29624.0,33050.63,288769,354255.5038094734,349721.32999999996,4534.173809473461,0.012965105129485415,0.18452366324601674,0.11156707399405887,65486.50380947342,0
875,Female,Sales,2,Part-time,0.81,18.62,5,2.92,146060,18767.28,2585.078223268593,14606.0,10447.73,154941,169762.08265457395,142358.62822326858,27403.454431305378,0.1924959152340741,0.017698741772344193,0.07153039846638368,14821.082654573955,0
876,Male,Operations,3,Full-time,0.91,20.61,5,3.54,229461,25461.63,27171.99,22946.1,45066.37,238344,203888.29304738564,214082.15,-10193.856952614355,-0.04761656659658152,0.11841659366951247,0.19640100060576743,-34455.70695261436,0
877,Female,IT,1,Part-time,0.9,17.74,2,2.52,78829,14010.35,4681.04,7882.9,9653.51,83060,63145.983954247895,79983.98000000001,-16837.996045752116,-0.2105171066225026,0.059382207055778964,0.12246140379809461,-19914.016045752105,0
878,Female,IT,2,Contract,0.99,16.84,5,2.66,155670,26441.93,17133.24,15567.0,16277.6,165406,183737.99328427782,167400.56999999998,16337.423284277844,0.09759478886050296,0.11006128348429371,0.10456478447998972,18331.99328427782,0
879,Male,Sales,1,Part-time,0.86,14.55,4,3.39,51349,6400.17,9033.82,5134.9,8700.4,51812,43058.60363175629,52947.68999999999,-9889.086368243698,-0.18677087457911196,0.17592981362830823,0.1694366005180237,-8753.39636824371,0
880,Male,Finance,5,Contract,0.98,22.81,1,3.02,275095,29136.04,64737.33,27509.5,46482.76,266750,305010.8168860587,294976.11,10034.706886058731,0.03401871048492277,0.2353271778840037,0.16896984678020321,38260.81688605872,1
881,Female,Sales,5,Contract,0.99,22.25,4,4.0,264755,47525.6,15080.51,26475.5,17049.73,262032,301316.6391602889,283835.88,17480.7591602889,0.061587559544229925,0.056960246265415196,0.06439814167815527,39284.639160288905,0
882,Female,Finance,4,Full-time,0.89,18.57,1,3.2,244060,45088.35,17581.0,24406.0,23053.86,236764,253775.76725597362,259269.49,-5493.722744026367,-0.021189237283671006,0.07203556502499385,0.09445980496599198,17011.767255973624,0
883,Female,Operations,1,Contract,0.94,17.34,3,4.98,58603,8303.09,10229.0,5860.3,4648.12,51390,75601.56203835402,66626.67,8974.892038354024,0.1347041963579153,0.17454737812057403,0.07931539340989369,24211.562038354023,0
884,Female,Operations,4,Contract,0.92,22.06,1,3.01,299880,69273.53,19474.38,29988.0,53962.77,294299,303183.70830149244,304677.14,-1493.4316985075711,-0.004901686088124534,0.0649405762304922,0.17994787915166066,8884.708301492443,0
885,Female,Operations,2,Part-time,0.83,7.86,3,3.78,142744,34416.08,8842.33,14274.4,11905.07,151465,157381.42923615398,159822.94,-2441.5107638460177,-0.015276347462047798,0.061945370733621025,0.0834015440228661,5916.429236153985,0
886,Male,Operations,5,Contract,0.8,10.62,4,3.46,290340,68901.29,69822.01,29034.0,32204.75,288280,376199.8443559051,367824.55,8375.294355905091,0.02276980793126802,0.24048360542811875,0.11092081697320383,87919.84435590508,0
887,Male,Finance,4,Part-time,1.0,11.63,5,2.65,275496,38387.93,43808.72,27549.6,13290.61,268431,321728.64836166886,316852.44000000006,4876.208361668803,0.015389524416061945,0.15901762639021982,0.04824247901965909,53297.648361668864,0
888,Male,Sales,4,Part-time,0.93,23.53,2,4.7,224964,39881.36,54815.44,22496.4,27262.5,225473,257458.91012927002,269901.89999999997,-12442.989870729944,-0.04610189802565282,0.24366316388399922,0.12118605643569638,31985.91012927002,0
889,Female,Operations,1,Part-time,0.89,2.87,1,2.82,61459,11027.59,7203.94,6145.9,1461.9,65949,79733.09001673078,72082.73000000001,7650.360016730774,0.10613305040931126,0.11721537935859679,0.023786589433606144,13784.090016730785,0
890,Male,Sales,1,Full-time,0.99,12.11,1,2.66,72457,13241.75,18858.68,7245.7,14450.31,74706,101458.80644682253,82861.42,18597.386446822537,0.22443963000902636,0.26027409360034226,0.1994329050333301,26752.806446822535,0
891,Male,IT,1,Contract,0.86,8.01,0,4.77,57964,7459.17,11816.38,5796.4,5392.31,52803,65129.9624486141,66050.84000000001,-920.8775513859146,-0.01394195064568315,0.20385722172382856,0.0930286039610793,12326.962448614097,0
892,Female,IT,3,Contract,0.82,17.15,0,4.87,179994,25236.43,45514.45,17999.4,5393.48,184741,224584.64536762264,227352.0,-2767.3546323773626,-0.012172114748836001,0.2528664844383702,0.029964776603664565,39843.64536762264,0
893,Female,IT,3,Full-time,0.88,1.76,5,4.84,202887,43611.11,43516.72,20288.7,34146.16,199829,237566.571140127,235579.96999999994,1986.6011401270516,0.0084328100565046,0.21448747332258844,0.16830136972797669,37737.571140126995,0
894,Male,Operations,5,Part-time,0.93,23.12,4,3.79,329135,38693.0,59917.19,32913.5,14099.19,323766,381357.44188188814,380732.5,624.9418818881386,0.0016414198469742892,0.18204441946313824,0.0428371033162684,57591.44188188814,0
895,Male,Sales,5,Contract,0.9,12.06,4,4.06,257120,26099.49,25380.35,25712.0,27881.96,255490,253932.43831458458,255005.87999999998,-1073.441685415397,-0.004209478171308822,0.09871013534536403,0.1084394835096453,-1557.5616854154214,0
896,Male,IT,3,Full-time,0.86,17.87,5,4.01,210747,30524.37,32181.93,21074.7,12473.26,209636,244060.20996510307,239905.33999999997,4154.869965103106,0.017318789006960437,0.15270409543196345,0.05918594333489919,34424.20996510307,0
897,Male,Sales,1,Full-time,0.99,3.27,3,3.43,71639,7441.56,7553.97,7163.9,11496.97,70529,65783.82598266592,67973.66,-2189.834017334084,-0.03221592036288886,0.10544493920909002,0.16048479180334732,-4745.17401733408,0
898,Female,IT,1,Part-time,0.77,20.19,5,4.43,62665,14868.58,16520.3,6266.5,8959.32,60239,78713.89717640489,78828.06,-114.1628235951066,-0.00144825108717767,0.26362881991542325,0.14297167477858452,18474.89717640489,1
899,Female,Operations,1,Part-time,0.76,19.57,3,4.61,78402,17237.65,13886.54,7840.2,623.3086389952622,87967,100667.22038401288,101062.68136100474,-395.46097699186066,-0.003913026763848066,0.177119716333767,0.00795016248303949,12700.220384012879,0
900,Male,HR,2,Contract,1.0,3.89,3,3.06,136744,18018.72,33930.96,13674.4,7335.4,127448,173515.4095565636,167683.88,5831.52955656359,0.0347769240344605,0.2481349090270871,0.05364330427660446,46067.409556563594,0
901,Male,HR,5,Part-time,0.77,24.96,2,2.56,330270,74405.41,46680.93,33027.0,56638.26,333160,368954.7785090164,361691.08,7263.698509016365,0.020082603389103112,0.14134172041057316,0.17149078027068762,35794.77850901638,0
902,Male,IT,3,Contract,0.98,0.23,2,2.69,184935,25438.51,40191.71,18493.5,33267.77,184841,199791.78847331676,198803.95,987.8384733167477,0.004968907676717428,0.21732884526995971,0.1798889880228188,14950.78847331676,0
903,Male,Operations,3,Full-time,0.86,15.17,5,2.97,175329,38703.0,51166.62,17532.9,11983.35,178015,228728.07410409083,235682.37,-6954.295895909163,-0.029507068754905864,0.29183204147631026,0.06834779186557843,50713.07410409083,0
904,Male,Operations,3,Full-time,0.89,12.57,1,2.86,183597,30534.0,24515.0,18359.7,20917.12,186469,199282.2429037202,199369.18,-86.93709627978387,-0.00043606086096047484,0.13352614694139883,0.11392953043895052,12813.24290372021,0
905,Male,IT,4,Contract,0.9,0.21,5,4.4,280272,58002.89,39678.55,28027.2,8276.0,277724,335521.2733551146,341650.24,-6128.966644885368,-0.01793930144725017,0.14157158046469145,0.029528458069304105,57797.27335511462,0
906,Female,HR,5,Full-time,0.8,14.42,3,2.89,301180,46209.77,67540.59,30118.0,36388.83,311016,339399.0295615384,348423.52999999997,-9024.500438461546,-0.025900950026140734,0.22425323726675078,0.12082087123979017,28383.029561538424,0
907,Female,Sales,5,Full-time,0.85,10.51,1,3.91,356900,36003.97,24850.04,35690.0,63751.78,351440,320061.50445405836,318312.23,1749.2744540583808,0.005495467309120925,0.06962745867189689,0.17862644998599048,-31378.495545941638,0
908,Male,HR,3,Contract,0.98,6.77,5,3.43,238338,44173.14,64453.09,23833.8,45175.3,245502,274384.56587812526,277955.13,-3570.564121874748,-0.012845829187879165,0.2704272503755171,0.18954300195520649,28882.565878125257,0
909,Male,Sales,2,Contract,0.93,2.17,4,4.17,110356,17827.52,18503.97,11035.6,3183.41,110759,136916.6567747383,132468.47999999998,4448.176774738327,0.033579133502085384,0.16767525100583566,0.028846732393345172,26157.65677473831,0
910,Male,Operations,5,Contract,0.86,7.54,0,3.46,280165,63922.43,66469.08,28016.5,19336.08,280572,358473.65168958483,363203.93,-4730.27831041516,-0.013023753103153814,0.23724976353220426,0.06901675798190353,77901.65168958483,0
911,Male,IT,3,Part-time,0.78,6.3,3,4.8,179820,33669.2,32973.6,17982.0,22900.23,184336,214859.28973110675,205580.57,9278.719731106743,0.045134225141543007,0.18337003670337002,0.12735085085085085,30523.28973110675,0
912,Female,HR,2,Full-time,0.88,2.92,1,2.82,112106,20238.37,31854.09,11210.6,8464.38,102964,140475.75040809714,144523.47999999998,-4047.72959190284,-0.02800741853090474,0.2841425971848072,0.07550336288869462,37511.75040809714,0
913,Female,Operations,5,Contract,0.97,19.1,1,3.12,347705,36665.88,26238.45,34770.5,52548.28,345313,319179.3449868093,323290.55000000005,-4111.205013190745,-0.012716749726185144,0.07546181389396184,0.15112891675414503,-26133.6550131907,0
914,Male,IT,3,Full-time,0.88,18.14,5,2.78,226659,36481.89,38819.49,22665.9,26598.18,232276,243104.688816049,252696.3,-9591.611183950998,-0.0379570701428988,0.17126824877900282,0.11734888091803106,10828.68881604899,0
915,Male,Operations,5,Part-time,0.95,4.29,5,4.52,356425,72686.38,455292.7843547639,35642.5,52007.76,358678,400365.68360026664,796753.9043547639,-396388.2207544973,-0.4975039577314714,1.2773873447562991,0.14591501718454095,41687.68360026664,0
916,Male,Sales,4,Part-time,0.92,13.12,1,4.1,221464,33374.58,61282.77,22146.4,27843.91,217796,264075.47899902577,266131.04000000004,-2055.561000974267,-0.00772386791474706,0.2767166221146552,0.12572657407072932,46279.47899902577,0
917,Male,IT,4,Full-time,0.77,11.25,2,4.39,254136,55686.33,44130.53,25413.6,46012.48,251428,277728.2038134412,282526.78,-4798.576186558814,-0.016984500324389827,0.17364926653445398,0.18105455346743476,26300.203813441214,0
918,Male,HR,1,Full-time,0.97,22.41,3,4.21,78414,17944.82,5660.97,7841.4,13777.27,84468,67930.82403980927,80401.12000000001,-12470.295960190735,-0.15510102297319656,0.07219335832886985,0.1756991098528324,-16537.175960190725,0
919,Female,Sales,2,Part-time,0.83,4.46,3,3.1,150870,24545.84,17017.83,15087.0,11722.93,142240,162323.9079048965,165623.74,-3299.832095103484,-0.01992366610670357,0.11279797176377014,0.0777021939418042,20083.907904896507,0
920,Female,Finance,4,Contract,0.89,11.05,5,3.37,274964,58283.52,75168.97,27496.4,42955.44,284421,332055.07001336344,337964.64999999997,-5909.579986636527,-0.017485793223156704,0.27337749669047584,0.15622205088666152,47634.07001336344,0
921,Male,Operations,1,Part-time,0.83,18.61,3,2.88,77099,9217.01,10516.82,7709.9,12751.13,68488,65684.90076665109,76371.79999999999,-10686.8992333489,-0.1399325305066648,0.13640669788194398,0.1653864511861373,-2803.099233348912,0
922,Male,Operations,5,Part-time,0.89,13.19,5,4.14,256430,34612.44,68236.21,25643.0,19408.25,264704,320020.492474516,314227.4,5793.092474515957,0.018435987678082678,0.26610072924384826,0.07568634715126936,55316.49247451598,0
923,Female,Operations,1,Full-time,0.92,0.4,2,3.43,64403,9837.98,11970.66,6440.3,2131.26,67445,72511.42986769316,77640.08,-5128.650132306837,-0.06605673425770345,0.18587115507041596,0.033092557800102486,5066.429867693165,0
924,Female,Finance,4,Full-time,0.92,20.08,3,3.9,238588,50373.68,51407.38,23858.8,20040.29,230375,301742.4047513074,296469.97000000003,5272.434751307359,0.017784043190976,0.21546506949217897,0.08399538115915302,71367.40475130739,0
925,Male,Sales,4,Full-time,0.95,7.37,5,3.93,265620,56260.88,38445.57,26562.0,19788.2,259328,324558.2057350811,313976.25,10581.955735081108,0.033703045166891155,0.14473898802800994,0.07449815525939311,65230.20573508111,0
926,Male,Operations,5,Full-time,0.98,13.63,3,4.15,317755,74828.46,23716.19,31775.5,19629.04,318354,363542.1285148575,364895.11000000004,-1352.9814851425472,-0.0037078641178352515,0.07463671696747494,0.061774134159966014,45188.1285148575,0
927,Female,IT,2,Part-time,0.93,20.59,4,4.64,158760,25761.36,11483.9,15876.0,15685.59,155376,158371.90440877323,164443.66999999998,-6071.765591226751,-0.036923072753282334,0.07233497102544721,0.09880064247921391,2995.9044087732327,0
928,Female,IT,3,Part-time,0.94,1.89,5,4.57,213756,35088.12,42540.86,21375.6,7724.59,209129,254454.86330952184,262284.79,-7829.92669047814,-0.02985276687404611,0.1990159808379648,0.036137418364864615,45325.86330952184,0
929,Male,IT,1,Contract,0.83,2.24,3,4.9,70777,15648.03,11671.71,7077.7,4264.21,72669,85205.18696156029,86754.82999999999,-1549.6430384396954,-0.017862325802951783,0.1649082329005185,0.060248527063876685,12536.186961560292,0
930,Male,Operations,4,Contract,0.79,14.08,4,4.86,280224,28183.4,30693.27,28022.4,52940.08,275463,262460.49355228554,258138.19,4322.303552285535,0.01674414604164357,0.10953119647139431,0.18892057782345553,-13002.506447714462,0
931,Female,Operations,4,Full-time,0.79,2.83,1,3.93,319568,73269.46,54095.66,31956.8,63600.92,320551,347233.3404222223,351375.4,-4142.059577777749,-0.01178813194599778,0.16927746207379965,0.19902155409803235,26682.340422222274,0
932,Male,HR,2,Full-time,1.0,10.2,5,3.22,103362,18985.73,13031.56,10336.2,3675.8,107110,123109.70871798982,121367.29000000001,1742.4187179898145,0.014356575960374615,0.1260768947969273,0.03556239236856872,15999.708717989823,0
933,Female,Finance,4,Part-time,0.75,11.24,5,4.59,223684,41571.06,67060.87,22368.4,16023.02,217536,287750.58348322567,293924.50999999995,-6173.926516774285,-0.021005143520607675,0.2998018186370058,0.07163239212460436,70214.58348322567,0
934,Male,HR,1,Contract,0.79,7.13,2,4.48,50400,11887.52,415.637076363231,5040.0,3115.33,55428,64954.59522545727,54547.82707636323,10406.768149094038,0.1907824510502549,0.008246767388159345,0.06181210317460317,9526.59522545727,0
935,Female,Sales,5,Full-time,0.97,8.21,4,2.78,394620,90961.39,82486.0,39462.0,19593.5,400789,495396.67215985333,509011.89,-13615.21784014668,-0.026748329670936922,0.20902640514925752,0.04965156352947139,94607.67215985333,0
936,Male,HR,5,Contract,0.93,11.34,3,4.97,324340,35097.4,45003.41,32434.0,34620.71,327779,332895.3960284624,337386.10000000003,-4490.703971537645,-0.013310281518822633,0.13875380773262627,0.10674202996855152,5116.39602846239,0
937,Female,IT,5,Contract,0.88,7.9,0,4.32,290090,67072.31,82582.77,29009.0,47840.72,298025,364235.9208464079,362895.36,1340.5608464078978,0.003694069955614472,0.28467982350305077,0.16491681891826676,66210.92084640788,0
938,Female,Operations,5,Full-time,0.96,7.59,0,3.5,280280,41351.66,46763.83,28028.0,20013.21,275138,329652.3567800454,320354.28,9298.076780045347,0.0290243563471209,0.1668468317396889,0.07140434565434566,54514.356780045375,0
939,Male,Finance,1,Full-time,0.99,7.82,0,2.75,71856,12863.85,1344.162904956933,7185.6,2866.89,80798,77763.96324469427,76011.52290495693,1752.440339737339,0.02305492999960743,0.018706341919351662,0.03989771209084836,-3034.0367553057295,0
940,Female,Finance,1,Full-time,0.86,19.99,0,4.35,63662,10437.24,8494.17,6366.2,4899.71,59502,59347.92665115401,71327.5,-11979.573348845988,-0.16795167850893397,0.13342606264333512,0.07696443718387735,-154.07334884598822,0
941,Male,Finance,5,Contract,0.94,1.3,5,2.53,364660,79981.48,61732.05,36466.0,15884.08,374155,457476.5030371007,454023.44999999995,3453.0530371007626,0.007605450857440872,0.16928659573301158,0.04355860253386716,83321.50303710072,0
942,Male,Sales,5,Part-time,0.87,13.01,0,4.94,265255,64951.82,27538.05,26525.5,44032.02,265062,293104.75374494266,287187.35,5917.403744942683,0.020604681038153955,0.10381727017398353,0.1659988313132646,28042.75374494266,0
943,Female,Finance,4,Full-time,0.8,5.34,3,4.19,310532,49918.07,87845.19,31053.2,11185.91,318569,412794.52861611126,406056.15,6738.378616111237,0.01659469661058264,0.2828861115762627,0.036021762652480256,94225.52861611126,0
944,Male,Finance,4,Full-time,0.98,3.91,0,3.42,291044,56133.14,26149.93,29104.4,56533.55,290036,287874.687828459,287689.12,185.5678284590249,0.0006450290106870392,0.0898487170324762,0.19424399747117274,-2161.3121715409798,0
945,Female,Operations,4,Contract,0.98,4.17,1,2.8,291200,32850.64,80767.5,29120.0,15972.99,288050,349079.5089493526,359725.15,-10645.64105064742,-0.029593819199595636,0.27736092032967036,0.054852300824175824,61029.5089493526,0
946,Male,IT,5,Contract,0.9,1.79,5,3.07,336660,80705.33,93289.34,33666.0,54078.48,329532,405486.44814244256,422910.19000000006,-17423.7418575575,-0.04119962646811016,0.27710253668389473,0.16063232935305652,75954.44814244256,0
947,Female,Operations,3,Part-time,0.75,8.18,4,4.07,233340,32965.93,64727.74,23334.0,31290.92,233710,261266.6525792796,276408.75,-15142.097420720413,-0.054781541542083645,0.27739667438073196,0.13410011142538783,27556.652579279587,0
948,Female,Operations,5,Contract,0.85,4.49,2,3.95,271250,66102.78,47677.11,27125.0,9473.3,279686,350923.51687038236,348431.59,2491.9268703823327,0.007151839677861392,0.17576814746543779,0.034924608294930874,71237.51687038236,0
949,Female,Operations,4,Part-time,0.91,8.51,1,4.64,315820,52174.01,31016.65,31582.0,17180.3,325789,344134.8657068973,350248.36000000004,-6113.494293102762,-0.017454740667744342,0.09820989804318916,0.054399024760939774,18345.865706897283,0
950,Male,Finance,2,Full-time,0.94,5.15,0,3.3,101570,17248.93,134652.52056805431,10157.0,19065.87,106803,125634.05145354461,224248.5805680543,-98614.5291145097,-0.43975542170525556,1.325711534587519,0.1877116274490499,18831.051453544613,0
951,Male,HR,5,Part-time,0.8,8.96,3,2.87,257450,45439.35,42516.74,25745.0,46891.13,258387,271349.19204193004,272769.95999999996,-1420.7679580699187,-0.005208667252324702,0.16514562050883666,0.18213684210526315,12962.192041930044,0
952,Female,Operations,2,Full-time,0.87,22.41,5,4.52,113184,11380.48,14715.61,11318.4,10856.54,112412,122352.28710230066,117105.15,5247.137102300665,0.0448070567545549,0.13001493143907267,0.09591938789934974,9940.28710230066,0
953,Female,IT,3,Part-time,0.81,4.99,4,2.59,204066,40100.08,23595.66,20406.6,6004.13,204680,246854.4737764114,241351.00999999998,5503.46377641143,0.02280273770725646,0.11562759107347623,0.02942249076279243,42174.47377641141,0
954,Male,IT,3,Part-time,0.96,12.08,3,3.54,221211,54567.9,22152.33,22121.1,12999.39,229853,257906.87382983454,262810.74000000005,-4903.866170165507,-0.018659306579957527,0.1001411774278856,0.05876466360171962,28053.87382983454,0
955,Male,HR,2,Part-time,0.82,4.32,2,3.45,144070,34090.58,29366.79,14407.0,13564.25,149769,182115.84152916132,179556.12000000002,2559.7215291612956,0.014255830038883081,0.20383695425834664,0.09415041299368362,32346.84152916132,0
956,Female,IT,2,Part-time,0.9,0.99,1,3.51,141104,27850.13,31680.34,14110.4,19030.02,146197,156238.50279589466,167494.05000000002,-11255.547204105358,-0.06719968383417416,0.22451766073250937,0.1348652058056469,10041.50279589466,0
957,Female,Sales,4,Contract,0.83,2.34,0,3.57,309456,36922.17,88784.76,30945.6,32657.13,316530,380281.6677681636,371560.2,8721.467768163595,0.02347255644755169,0.2869059252365441,0.10553077012563984,63751.66776816361,0
958,Female,Operations,3,Contract,0.87,7.75,4,4.53,151839,34934.03,33139.17,15183.9,4320.37,148663,194423.16148302684,200407.93000000002,-5984.768516973185,-0.029862932654277623,0.21825203011084107,0.02845362522145167,45760.16148302684,0
959,Female,Finance,1,Full-time,0.89,19.08,2,2.84,77549,10414.88,20986.6,7754.9,1831.86,68570,98004.90113857816,99363.72000000002,-1358.8188614218525,-0.013675201184314076,0.2706237346709822,0.02362196804600962,29434.901138578163,0
960,Female,Sales,5,Full-time,0.86,0.18,4,4.55,349235,53773.02,64675.32,34923.5,49561.38,352000,396292.3796946451,383198.46,13093.919694645097,0.03417007389498668,0.18519140406889345,0.1419141265909774,44292.37969464512,0
961,Male,Operations,1,Part-time,0.93,23.9,5,3.83,78109,12494.15,22528.66,7810.9,10590.01,78414,89039.20244733038,94730.90000000001,-5691.697552669633,-0.06008279824924742,0.2884259176279302,0.13557989476244736,10625.202447330375,0
962,Male,Finance,4,Full-time,0.96,9.05,3,4.15,314956,53738.57,31411.33,31495.6,40409.99,312743,325124.6549681833,328200.31000000006,-3075.655031816743,-0.009371273999761738,0.09973243881685061,0.1283036043129834,12381.654968183313,0
963,Female,Sales,3,Full-time,0.77,10.33,4,3.87,179718,29726.62,42623.37,17971.8,30377.1,175452,205042.31928239763,203719.09,1323.2292823976313,0.006495362228437361,0.2371680632991687,0.1690264748105365,29590.319282397628,0
964,Male,Finance,1,Full-time,0.98,20.87,0,4.61,64541,9389.5,10156.3,6454.1,6759.19,71121,59817.369450460494,70873.51,-11056.140549539501,-0.15599820792760938,0.1573619869540292,0.10472707271346895,-11303.630549539506,0
965,Male,Sales,5,Full-time,0.79,0.78,1,4.87,305720,41610.6,33625.29,30572.0,10702.72,311562,340765.6773313177,339681.17,1084.5073313176981,0.0031927213725673935,0.10998721051942954,0.03500824283658249,29203.677331317682,0
966,Female,Finance,2,Full-time,0.92,22.79,4,3.36,144348,27891.8,8617.56,14434.8,7739.8,138696,164510.9091481163,158682.76,5828.149148116296,0.03672830714638626,0.059699891927841045,0.053619031784299054,25814.909148116305,0
967,Male,IT,4,Part-time,0.96,19.17,5,3.38,313352,49046.35,57465.19,31335.2,6280.63,320468,376280.17298819515,382247.70999999996,-5967.537011804816,-0.01561170114480167,0.18338861727386455,0.020043369756695347,55812.17298819515,0
968,Male,IT,3,Full-time,0.81,20.15,5,3.2,233373,30041.69,41089.02,23337.3,41030.73,242846,234843.34845987768,240135.68000000002,-5292.331540122337,-0.022038922079893903,0.1760658688023036,0.1758160969777995,-8002.651540122315,0
969,Male,Finance,4,Full-time,0.81,1.96,0,3.39,268232,56904.82,50339.81,26823.2,44800.86,268471,302569.2149441972,303852.57,-1283.3550558027928,-0.0042236109959602865,0.18767264905007605,0.1670228011572072,34098.214944197214,0
970,Male,Operations,3,Contract,0.76,24.61,1,3.46,181542,22299.57,39336.01,18154.2,12920.69,178113,232109.89398347426,212102.69,20007.20398347426,0.09432791250065833,0.21667718764803737,0.07117190512388318,53996.89398347426,0
971,Male,Finance,3,Contract,0.9,14.67,2,3.61,225966,50936.76,26266.69,22596.6,22766.95,230420,274092.8882814544,257805.90000000002,16286.988281454367,0.06317539001804988,0.11624177973677455,0.1007538744766912,43672.88828145439,0
972,Male,Finance,2,Full-time,0.95,9.87,2,4.12,107500,13178.6,30439.92,10750.0,9562.19,97999,134558.15462518774,130806.33000000002,3751.824625187728,0.028682286439713794,0.2831620465116279,0.08895060465116279,36559.154625187744,0
973,Male,HR,5,Part-time,0.93,0.51,4,3.01,302180,52295.99,81456.58,30218.0,34722.27,301061,370758.5687531681,370992.3,-233.73124683188507,-0.0006300164365456778,0.2695631080812761,0.11490591700311072,69697.5687531681,0
974,Male,Finance,5,Full-time,0.87,2.99,1,4.51,261670,35860.52,71933.9,26167.0,2394.9724889300655,261873,301364.5709727127,340902.44751107,-39537.87653835729,-0.11598003131694556,0.27490312225321967,0.009152644509993754,39491.57097271271,0
975,Female,Operations,4,Full-time,0.99,13.01,1,4.19,203800,44179.23,16865.19,20380.0,26121.51,209225,218320.62111466477,218342.90999999997,-22.288885335205123,-0.00010208202013614788,0.08275363101079489,0.12817227674190382,9095.62111466477,0
976,Male,IT,4,Full-time,0.79,4.57,0,3.41,255896,42188.44,52661.63,25589.6,8546.19,258738,312345.55678387336,316610.28,-4264.723216126673,-0.013469945499327035,0.20579309563260073,0.03339712226842155,53607.556783873355,0
977,Male,Operations,5,Contract,0.88,4.57,5,3.93,364580,71315.75,68970.27,36458.0,55741.8,369189,422006.2985838916,412666.22000000003,9340.078583891562,0.022633494410789334,0.18917732733556422,0.15289319216632838,52817.29858389159,0
978,Female,Finance,3,Full-time,0.86,12.1,5,4.12,224553,23073.66,297892.91138580005,22455.3,29493.99,232034,237827.39215625776,493570.28138580004,-255742.88922954228,-0.5181488814753828,1.3266040150245155,0.13134533940762316,5793.39215625776,1
979,Male,Sales,5,Full-time,0.83,2.14,0,2.73,383175,91380.94,85187.4,38317.5,16429.96,388519,513995.3403624259,504995.87999999995,8999.460362425947,0.01782085897894048,0.22231982775494225,0.04287847589221635,125476.3403624259,0
980,Male,Sales,3,Contract,0.96,1.09,5,3.09,219816,51318.76,11494.48,21981.6,12365.05,225066,234340.41420895167,248282.59,-13942.175791048328,-0.05615446411707051,0.052291370964806926,0.056251819703752225,9274.414208951668,1
981,Female,HR,2,Full-time,0.99,15.34,4,3.15,116910,12865.79,6669.46,11691.0,7488.57,118819,115554.67865956288,117265.68,-1711.001340437113,-0.014590810716631781,0.05704781455820717,0.06405414421349756,-3264.32134043712,0
982,Female,HR,3,Part-time,0.93,22.96,3,3.52,197922,25470.9,35483.35,19792.2,36309.79,188913,210536.78961430624,202774.25999999998,7762.529614306259,0.03828163206861788,0.1792794636270854,0.1834550479481816,21623.78961430624,0
983,Male,Sales,1,Part-time,0.95,1.65,3,4.23,65113,12096.99,18027.56,6511.3,2737.78,60709,94297.31855367053,85988.47,8308.848553670527,0.09662747288875505,0.27686575645416434,0.042046595917865866,33588.31855367053,0
984,Female,Finance,5,Contract,0.85,12.05,1,2.68,333220,47224.45,43694.03,33322.0,63352.47,326592,328209.27670159796,327464.01,745.2667015979532,0.002275873619204606,0.1311266730688434,0.19012205149750916,1617.2767015979625,0
985,Female,IT,3,Contract,0.82,11.52,5,4.18,156972,19515.94,26938.06,15697.2,24006.83,156871,166344.45858859297,163721.96999999997,2622.488588592998,0.016017939367532645,0.1716106057131208,0.15293702061514156,9473.45858859297,0
986,Female,Sales,5,Part-time,0.92,3.16,1,4.86,351720,42166.34,533870.6649316077,35172.0,23799.82,349705,428237.3352556224,868785.1849316077,-440547.8496759853,-0.5070849012125661,1.5178854342420325,0.06766695098373707,78532.3352556224,1
987,Male,Sales,4,Full-time,0.98,18.0,2,4.38,227292,30197.76,36539.46,22729.2,29822.16,236656,238759.78793881982,241477.86000000002,-2718.0720611801953,-0.011255988690558195,0.16075999155271634,0.13120637769917112,2103.78793881982,0
988,Female,Sales,5,Part-time,0.99,22.26,4,3.18,363725,81261.27,65318.09,36372.5,37509.2,361463,438275.5197933447,436422.66,1852.8597933447454,0.004245562760982084,0.1795809746374321,0.10312516324145989,76812.51979334472,0
989,Male,IT,5,Part-time,0.83,14.52,0,4.32,347020,56092.29,71938.91,34702.0,50622.0,356552,388318.30052832107,389727.19999999995,-1408.8994716788875,-0.003615091458022144,0.20730479511267363,0.14587631836781742,31766.300528321066,0
990,Female,Finance,5,Full-time,0.96,11.46,3,3.16,278860,37998.77,47616.33,27886.0,50091.53,278953,287161.46935050015,286497.57000000007,663.8993505000835,0.002317294874438493,0.1707535322383992,0.17962967080255324,8208.469350500149,0
991,Female,IT,5,Full-time,0.84,18.74,5,2.74,383375,65713.74,114215.67,38337.5,60833.49,392918,464192.3214513886,464133.42000000004,58.901451388548594,0.00012690629213588754,0.29792153896315615,0.15867881317248125,71274.32145138859,0
992,Female,Finance,4,Contract,0.81,10.24,5,4.45,208056,44874.29,22267.21,20805.6,38698.46,201022,203865.0645040096,215693.44,-11828.375495990389,-0.05483882818128539,0.1070250797862114,0.1860002114815242,2843.0645040096133,0
993,Male,HR,5,Contract,0.9,9.5,0,3.75,374035,71351.17,71056.41,37403.5,40228.55,368842,428258.7820135799,438810.52999999997,-10551.747986420058,-0.0240462506367385,0.1899726228828853,0.10755290280321361,59416.78201357991,0
994,Male,Sales,5,Part-time,0.95,13.54,3,2.83,350855,75407.01,99330.91,35085.5,66843.23,359792,423825.0417349528,423664.19000000006,160.8517349527683,0.00037966799826241694,0.28311100027076713,0.19051525558991605,64033.04173495283,0
995,Female,HR,2,Contract,0.84,3.39,2,3.8,119642,13985.12,33918.13,11964.2,6346.33,128328,144721.1505611161,149234.72,-4513.569438883889,-0.030244767698052365,0.28349684893264904,0.05304433225790274,16393.150561116112,0
996,Female,Sales,3,Full-time,0.85,19.87,4,3.64,150798,18942.53,17613.58,15079.8,16835.15,157523,143486.857653682,155439.16,-11952.302346318,-0.07689376567859733,0.11680247748643882,0.1116404063714373,-14036.142346317996,0
997,Female,HR,3,Full-time,0.79,15.29,2,3.91,238578,49434.64,67857.82,23857.8,43947.46,246563,284866.00007912546,288065.2,-3199.1999208745547,-0.011105818824608298,0.2844261415553823,0.18420583624642675,38303.00007912546,0
998,Male,IT,5,Part-time,0.97,24.3,0,4.65,391105,45564.77,112191.21,39110.5,37626.04,390352,466163.0978374612,472124.44,-5961.3421625387855,-0.012626633271810257,0.2868570077089273,0.09620444637629282,75811.09783746122,0
999,Male,HR,4,Contract,0.75,11.06,4,2.62,251676,45699.75,33885.28,25167.6,26480.92,252100,287402.31984681904,279612.51000000007,7789.809846818971,0.027859303744381714,0.13463850347271888,0.10521829653999586,35302.31984681904,0
1000,Female,Sales,4,Part-time,0.92,10.85,4,4.55,227684,53696.38,18201.06,22768.4,70113.52131697591,223366,252849.47224257406,206699.51868302407,46149.95355954999,0.2232707354791737,0.07994000456773423,0.30794224151444943,29483.472242574062,0
